date,food_item,demand,holiday
2024-01-01,Pizza,102,1
2024-01-01,Burger,159,1
2024-01-01,Pasta,103,1
2024-01-01,Salad,70,1
2024-01-01,Sandwich,104,1
2024-01-01,Rice Bowl,98,1
2024-01-01,Noodles,83,1
2024-01-01,Soup,61,1
2024-01-02,Pizza,118,1
2024-01-02,Burger,154,1
2024-01-02,Pasta,80,1
2024-01-02,Salad,84,1
2024-01-02,Sandwich,145,1
2024-01-02,Rice Bowl,107,1
2024-01-02,Noodles,93,1
2024-01-02,Soup,49,1
2024-01-03,Pizza,110,1
2024-01-03,Burger,151,1
2024-01-03,Pasta,102,1
2024-01-03,Salad,68,1
2024-01-03,Sandwich,141,1
2024-01-03,Rice Bowl,109,1
2024-01-03,Noodles,103,1
2024-01-03,Soup,56,1
2024-01-04,Pizza,123,1
2024-01-04,Burger,175,1
2024-01-04,Pasta,97,1
2024-01-04,Salad,79,1
2024-01-04,Sandwich,146,1
2024-01-04,Rice Bowl,109,1
2024-01-04,Noodles,123,1
2024-01-04,Soup,54,1
2024-01-05,Pizza,113,1
2024-01-05,Burger,203,1
2024-01-05,Pasta,143,1
2024-01-05,Salad,96,1
2024-01-05,Sandwich,143,1
2024-01-05,Rice Bowl,123,1
2024-01-05,Noodles,138,1
2024-01-05,Soup,67,1
2024-01-06,Pizza,114,0
2024-01-06,Burger,168,0
2024-01-06,Pasta,96,0
2024-01-06,Salad,98,0
2024-01-06,Sandwich,137,0
2024-01-06,Rice Bowl,152,0
2024-01-06,Noodles,117,0
2024-01-06,Soup,68,0
2024-01-07,Pizza,127,0
2024-01-07,Burger,136,0
2024-01-07,Pasta,129,0
2024-01-07,Salad,86,0
2024-01-07,Sandwich,165,0
2024-01-07,Rice Bowl,153,0
2024-01-07,Noodles,121,0
2024-01-07,Soup,72,0
2024-01-08,Pizza,60,0
2024-01-08,Burger,79,0
2024-01-08,Pasta,51,0
2024-01-08,Salad,41,0
2024-01-08,Sandwich,77,0
2024-01-08,Rice Bowl,69,0
2024-01-08,Noodles,76,0
2024-01-08,Soup,33,0
2024-01-09,Pizza,69,0
2024-01-09,Burger,96,0
2024-01-09,Pasta,56,0
2024-01-09,Salad,53,0
2024-01-09,Sandwich,70,0
2024-01-09,Rice Bowl,96,0
2024-01-09,Noodles,79,0
2024-01-09,Soup,33,0
2024-01-10,Pizza,64,0
2024-01-10,Burger,112,0
2024-01-10,Pasta,75,0
2024-01-10,Salad,54,0
2024-01-10,Sandwich,99,0
2024-01-10,Rice Bowl,70,0
2024-01-10,Noodles,70,0
2024-01-10,Soup,33,0
2024-01-11,Pizza,96,0
2024-01-11,Burger,110,0
2024-01-11,Pasta,68,0
2024-01-11,Salad,43,0
2024-01-11,Sandwich,87,0
2024-01-11,Rice Bowl,83,0
2024-01-11,Noodles,85,0
2024-01-11,Soup,44,0
2024-01-12,Pizza,106,0
2024-01-12,Burger,113,0
2024-01-12,Pasta,68,0
2024-01-12,Salad,62,0
2024-01-12,Sandwich,114,0
2024-01-12,Rice Bowl,100,0
2024-01-12,Noodles,95,0
2024-01-12,Soup,45,0
2024-01-13,Pizza,136,0
2024-01-13,Burger,164,0
2024-01-13,Pasta,95,0
2024-01-13,Salad,71,0
2024-01-13,Sandwich,123,0
2024-01-13,Rice Bowl,151,0
2024-01-13,Noodles,117,0
2024-01-13,Soup,67,0
2024-01-14,Pizza,145,0
2024-01-14,Burger,140,0
2024-01-14,Pasta,105,0
2024-01-14,Salad,85,0
2024-01-14,Sandwich,125,0
2024-01-14,Rice Bowl,110,0
2024-01-14,Noodles,107,0
2024-01-14,Soup,53,0
2024-01-15,Pizza,84,0
2024-01-15,Burger,101,0
2024-01-15,Pasta,66,0
2024-01-15,Salad,51,0
2024-01-15,Sandwich,90,0
2024-01-15,Rice Bowl,66,0
2024-01-15,Noodles,78,0
2024-01-15,Soup,36,0
2024-01-16,Pizza,85,0
2024-01-16,Burger,110,0
2024-01-16,Pasta,61,0
2024-01-16,Salad,40,0
2024-01-16,Sandwich,76,0
2024-01-16,Rice Bowl,78,0
2024-01-16,Noodles,80,0
2024-01-16,Soup,43,0
2024-01-17,Pizza,64,0
2024-01-17,Burger,100,0
2024-01-17,Pasta,67,0
2024-01-17,Salad,44,0
2024-01-17,Sandwich,76,0
2024-01-17,Rice Bowl,79,0
2024-01-17,Noodles,88,0
2024-01-17,Soup,37,0
2024-01-18,Pizza,84,0
2024-01-18,Burger,113,0
2024-01-18,Pasta,69,0
2024-01-18,Salad,62,0
2024-01-18,Sandwich,111,0
2024-01-18,Rice Bowl,80,0
2024-01-18,Noodles,78,0
2024-01-18,Soup,38,0
2024-01-19,Pizza,84,0
2024-01-19,Burger,93,0
2024-01-19,Pasta,84,0
2024-01-19,Salad,57,0
2024-01-19,Sandwich,84,0
2024-01-19,Rice Bowl,89,0
2024-01-19,Noodles,100,0
2024-01-19,Soup,41,0
2024-01-20,Pizza,115,0
2024-01-20,Burger,168,0
2024-01-20,Pasta,141,0
2024-01-20,Salad,75,0
2024-01-20,Sandwich,162,0
2024-01-20,Rice Bowl,158,0
2024-01-20,Noodles,113,0
2024-01-20,Soup,73,0
2024-01-21,Pizza,118,0
2024-01-21,Burger,164,0
2024-01-21,Pasta,115,0
2024-01-21,Salad,79,0
2024-01-21,Sandwich,117,0
2024-01-21,Rice Bowl,150,0
2024-01-21,Noodles,108,0
2024-01-21,Soup,54,0
2024-01-22,Pizza,58,0
2024-01-22,Burger,93,0
2024-01-22,Pasta,67,0
2024-01-22,Salad,36,0
2024-01-22,Sandwich,81,0
2024-01-22,Rice Bowl,68,0
2024-01-22,Noodles,71,0
2024-01-22,Soup,31,0
2024-01-23,Pizza,81,0
2024-01-23,Burger,90,0
2024-01-23,Pasta,78,0
2024-01-23,Salad,40,0
2024-01-23,Sandwich,80,0
2024-01-23,Rice Bowl,68,0
2024-01-23,Noodles,83,0
2024-01-23,Soup,43,0
2024-01-24,Pizza,72,0
2024-01-24,Burger,106,0
2024-01-24,Pasta,78,0
2024-01-24,Salad,51,0
2024-01-24,Sandwich,91,0
2024-01-24,Rice Bowl,76,0
2024-01-24,Noodles,62,0
2024-01-24,Soup,46,0
2024-01-25,Pizza,97,0
2024-01-25,Burger,110,0
2024-01-25,Pasta,68,0
2024-01-25,Salad,49,0
2024-01-25,Sandwich,103,0
2024-01-25,Rice Bowl,103,0
2024-01-25,Noodles,90,0
2024-01-25,Soup,46,0
2024-01-26,Pizza,97,0
2024-01-26,Burger,95,0
2024-01-26,Pasta,69,0
2024-01-26,Salad,66,0
2024-01-26,Sandwich,107,0
2024-01-26,Rice Bowl,78,0
2024-01-26,Noodles,72,0
2024-01-26,Soup,49,0
2024-01-27,Pizza,108,0
2024-01-27,Burger,146,0
2024-01-27,Pasta,120,0
2024-01-27,Salad,90,0
2024-01-27,Sandwich,161,0
2024-01-27,Rice Bowl,127,0
2024-01-27,Noodles,137,0
2024-01-27,Soup,60,0
2024-01-28,Pizza,116,0
2024-01-28,Burger,171,0
2024-01-28,Pasta,115,0
2024-01-28,Salad,88,0
2024-01-28,Sandwich,149,0
2024-01-28,Rice Bowl,136,0
2024-01-28,Noodles,97,0
2024-01-28,Soup,59,0
2024-01-29,Pizza,65,0
2024-01-29,Burger,80,0
2024-01-29,Pasta,74,0
2024-01-29,Salad,43,0
2024-01-29,Sandwich,93,0
2024-01-29,Rice Bowl,80,0
2024-01-29,Noodles,75,0
2024-01-29,Soup,36,0
2024-01-30,Pizza,78,0
2024-01-30,Burger,94,0
2024-01-30,Pasta,58,0
2024-01-30,Salad,51,0
2024-01-30,Sandwich,78,0
2024-01-30,Rice Bowl,65,0
2024-01-30,Noodles,75,0
2024-01-30,Soup,33,0
2024-01-31,Pizza,94,0
2024-01-31,Burger,118,0
2024-01-31,Pasta,81,0
2024-01-31,Salad,47,0
2024-01-31,Sandwich,72,0
2024-01-31,Rice Bowl,99,0
2024-01-31,Noodles,72,0
2024-01-31,Soup,47,0
2024-02-01,Pizza,99,0
2024-02-01,Burger,119,0
2024-02-01,Pasta,67,0
2024-02-01,Salad,50,0
2024-02-01,Sandwich,107,0
2024-02-01,Rice Bowl,82,0
2024-02-01,Noodles,68,0
2024-02-01,Soup,42,0
2024-02-02,Pizza,108,0
2024-02-02,Burger,124,0
2024-02-02,Pasta,82,0
2024-02-02,Salad,48,0
2024-02-02,Sandwich,108,0
2024-02-02,Rice Bowl,116,0
2024-02-02,Noodles,73,0
2024-02-02,Soup,46,0
2024-02-03,Pizza,155,0
2024-02-03,Burger,185,0
2024-02-03,Pasta,127,0
2024-02-03,Salad,91,0
2024-02-03,Sandwich,143,0
2024-02-03,Rice Bowl,131,0
2024-02-03,Noodles,142,0
2024-02-03,Soup,75,0
2024-02-04,Pizza,143,0
2024-02-04,Burger,181,0
2024-02-04,Pasta,109,0
2024-02-04,Salad,78,0
2024-02-04,Sandwich,157,0
2024-02-04,Rice Bowl,140,0
2024-02-04,Noodles,126,0
2024-02-04,Soup,69,0
2024-02-05,Pizza,83,0
2024-02-05,Burger,84,0
2024-02-05,Pasta,59,0
2024-02-05,Salad,37,0
2024-02-05,Sandwich,83,0
2024-02-05,Rice Bowl,62,0
2024-02-05,Noodles,66,0
2024-02-05,Soup,36,0
2024-02-06,Pizza,69,0
2024-02-06,Burger,98,0
2024-02-06,Pasta,54,0
2024-02-06,Salad,38,0
2024-02-06,Sandwich,96,0
2024-02-06,Rice Bowl,76,0
2024-02-06,Noodles,60,0
2024-02-06,Soup,38,0
2024-02-07,Pizza,88,0
2024-02-07,Burger,88,0
2024-02-07,Pasta,73,0
2024-02-07,Salad,41,0
2024-02-07,Sandwich,73,0
2024-02-07,Rice Bowl,86,0
2024-02-07,Noodles,76,0
2024-02-07,Soup,42,0
2024-02-08,Pizza,91,0
2024-02-08,Burger,124,0
2024-02-08,Pasta,73,0
2024-02-08,Salad,48,0
2024-02-08,Sandwich,105,0
2024-02-08,Rice Bowl,81,0
2024-02-08,Noodles,76,0
2024-02-08,Soup,34,0
2024-02-09,Pizza,74,0
2024-02-09,Burger,136,0
2024-02-09,Pasta,91,0
2024-02-09,Salad,62,0
2024-02-09,Sandwich,99,0
2024-02-09,Rice Bowl,84,0
2024-02-09,Noodles,74,0
2024-02-09,Soup,41,0
2024-02-10,Pizza,137,0
2024-02-10,Burger,183,0
2024-02-10,Pasta,125,0
2024-02-10,Salad,77,0
2024-02-10,Sandwich,179,0
2024-02-10,Rice Bowl,157,0
2024-02-10,Noodles,129,0
2024-02-10,Soup,70,0
2024-02-11,Pizza,120,0
2024-02-11,Burger,140,0
2024-02-11,Pasta,102,0
2024-02-11,Salad,86,0
2024-02-11,Sandwich,113,0
2024-02-11,Rice Bowl,112,0
2024-02-11,Noodles,95,0
2024-02-11,Soup,50,0
2024-02-12,Pizza,82,0
2024-02-12,Burger,97,0
2024-02-12,Pasta,62,0
2024-02-12,Salad,37,0
2024-02-12,Sandwich,80,0
2024-02-12,Rice Bowl,75,0
2024-02-12,Noodles,58,0
2024-02-12,Soup,35,0
2024-02-13,Pizza,72,0
2024-02-13,Burger,99,0
2024-02-13,Pasta,70,0
2024-02-13,Salad,38,0
2024-02-13,Sandwich,81,0
2024-02-13,Rice Bowl,84,0
2024-02-13,Noodles,71,0
2024-02-13,Soup,43,0
2024-02-14,Pizza,85,0
2024-02-14,Burger,86,0
2024-02-14,Pasta,57,0
2024-02-14,Salad,52,0
2024-02-14,Sandwich,72,0
2024-02-14,Rice Bowl,87,0
2024-02-14,Noodles,88,0
2024-02-14,Soup,41,0
2024-02-15,Pizza,80,0
2024-02-15,Burger,111,0
2024-02-15,Pasta,72,0
2024-02-15,Salad,53,0
2024-02-15,Sandwich,111,0
2024-02-15,Rice Bowl,85,0
2024-02-15,Noodles,93,0
2024-02-15,Soup,48,0
2024-02-16,Pizza,80,0
2024-02-16,Burger,95,0
2024-02-16,Pasta,67,0
2024-02-16,Salad,46,0
2024-02-16,Sandwich,86,0
2024-02-16,Rice Bowl,104,0
2024-02-16,Noodles,71,0
2024-02-16,Soup,42,0
2024-02-17,Pizza,153,0
2024-02-17,Burger,136,0
2024-02-17,Pasta,133,0
2024-02-17,Salad,77,0
2024-02-17,Sandwich,128,0
2024-02-17,Rice Bowl,154,0
2024-02-17,Noodles,133,0
2024-02-17,Soup,77,0
2024-02-18,Pizza,136,0
2024-02-18,Burger,174,0
2024-02-18,Pasta,99,0
2024-02-18,Salad,67,0
2024-02-18,Sandwich,154,0
2024-02-18,Rice Bowl,148,0
2024-02-18,Noodles,139,0
2024-02-18,Soup,60,0
2024-02-19,Pizza,68,0
2024-02-19,Burger,99,0
2024-02-19,Pasta,58,0
2024-02-19,Salad,52,0
2024-02-19,Sandwich,92,0
2024-02-19,Rice Bowl,74,0
2024-02-19,Noodles,74,0
2024-02-19,Soup,39,0
2024-02-20,Pizza,63,0
2024-02-20,Burger,110,0
2024-02-20,Pasta,66,0
2024-02-20,Salad,53,0
2024-02-20,Sandwich,79,0
2024-02-20,Rice Bowl,93,0
2024-02-20,Noodles,68,0
2024-02-20,Soup,30,0
2024-02-21,Pizza,92,0
2024-02-21,Burger,83,0
2024-02-21,Pasta,64,0
2024-02-21,Salad,59,0
2024-02-21,Sandwich,106,0
2024-02-21,Rice Bowl,87,0
2024-02-21,Noodles,78,0
2024-02-21,Soup,39,0
2024-02-22,Pizza,77,0
2024-02-22,Burger,97,0
2024-02-22,Pasta,78,0
2024-02-22,Salad,57,0
2024-02-22,Sandwich,105,0
2024-02-22,Rice Bowl,99,0
2024-02-22,Noodles,65,0
2024-02-22,Soup,41,0
2024-02-23,Pizza,75,0
2024-02-23,Burger,117,0
2024-02-23,Pasta,78,0
2024-02-23,Salad,66,0
2024-02-23,Sandwich,97,0
2024-02-23,Rice Bowl,82,0
2024-02-23,Noodles,73,0
2024-02-23,Soup,50,0
2024-02-24,Pizza,141,0
2024-02-24,Burger,142,0
2024-02-24,Pasta,98,0
2024-02-24,Salad,91,0
2024-02-24,Sandwich,126,0
2024-02-24,Rice Bowl,162,0
2024-02-24,Noodles,137,0
2024-02-24,Soup,56,0
2024-02-25,Pizza,104,0
2024-02-25,Burger,186,0
2024-02-25,Pasta,103,0
2024-02-25,Salad,73,0
2024-02-25,Sandwich,157,0
2024-02-25,Rice Bowl,156,0
2024-02-25,Noodles,139,0
2024-02-25,Soup,68,0
2024-02-26,Pizza,68,0
2024-02-26,Burger,75,0
2024-02-26,Pasta,69,0
2024-02-26,Salad,46,0
2024-02-26,Sandwich,78,0
2024-02-26,Rice Bowl,88,0
2024-02-26,Noodles,57,0
2024-02-26,Soup,35,0
2024-02-27,Pizza,61,0
2024-02-27,Burger,93,0
2024-02-27,Pasta,54,0
2024-02-27,Salad,40,0
2024-02-27,Sandwich,72,0
2024-02-27,Rice Bowl,85,0
2024-02-27,Noodles,78,0
2024-02-27,Soup,39,0
2024-02-28,Pizza,94,0
2024-02-28,Burger,94,0
2024-02-28,Pasta,63,0
2024-02-28,Salad,57,0
2024-02-28,Sandwich,80,0
2024-02-28,Rice Bowl,100,0
2024-02-28,Noodles,60,0
2024-02-28,Soup,47,0
2024-02-29,Pizza,68,0
2024-02-29,Burger,121,0
2024-02-29,Pasta,74,0
2024-02-29,Salad,62,0
2024-02-29,Sandwich,78,0
2024-02-29,Rice Bowl,91,0
2024-02-29,Noodles,93,0
2024-02-29,Soup,42,0
2024-03-01,Pizza,96,0
2024-03-01,Burger,124,0
2024-03-01,Pasta,79,0
2024-03-01,Salad,60,0
2024-03-01,Sandwich,106,0
2024-03-01,Rice Bowl,113,0
2024-03-01,Noodles,70,0
2024-03-01,Soup,41,0
2024-03-02,Pizza,159,0
2024-03-02,Burger,195,0
2024-03-02,Pasta,116,0
2024-03-02,Salad,88,0
2024-03-02,Sandwich,138,0
2024-03-02,Rice Bowl,125,0
2024-03-02,Noodles,124,0
2024-03-02,Soup,63,0
2024-03-03,Pizza,128,0
2024-03-03,Burger,129,0
2024-03-03,Pasta,129,0
2024-03-03,Salad,93,0
2024-03-03,Sandwich,151,0
2024-03-03,Rice Bowl,134,0
2024-03-03,Noodles,108,0
2024-03-03,Soup,70,0
2024-03-04,Pizza,77,0
2024-03-04,Burger,77,0
2024-03-04,Pasta,73,0
2024-03-04,Salad,50,0
2024-03-04,Sandwich,95,0
2024-03-04,Rice Bowl,83,0
2024-03-04,Noodles,70,0
2024-03-04,Soup,34,0
2024-03-05,Pizza,89,0
2024-03-05,Burger,108,0
2024-03-05,Pasta,54,0
2024-03-05,Salad,38,0
2024-03-05,Sandwich,81,0
2024-03-05,Rice Bowl,90,0
2024-03-05,Noodles,85,0
2024-03-05,Soup,32,0
2024-03-06,Pizza,83,0
2024-03-06,Burger,95,0
2024-03-06,Pasta,83,0
2024-03-06,Salad,56,0
2024-03-06,Sandwich,102,0
2024-03-06,Rice Bowl,83,0
2024-03-06,Noodles,72,0
2024-03-06,Soup,36,0
2024-03-07,Pizza,69,0
2024-03-07,Burger,120,0
2024-03-07,Pasta,82,0
2024-03-07,Salad,62,0
2024-03-07,Sandwich,113,0
2024-03-07,Rice Bowl,91,0
2024-03-07,Noodles,87,0
2024-03-07,Soup,49,0
2024-03-08,Pizza,104,0
2024-03-08,Burger,103,0
2024-03-08,Pasta,78,0
2024-03-08,Salad,48,0
2024-03-08,Sandwich,122,0
2024-03-08,Rice Bowl,101,0
2024-03-08,Noodles,76,0
2024-03-08,Soup,49,0
2024-03-09,Pizza,141,0
2024-03-09,Burger,159,0
2024-03-09,Pasta,100,0
2024-03-09,Salad,90,0
2024-03-09,Sandwich,153,0
2024-03-09,Rice Bowl,159,0
2024-03-09,Noodles,127,0
2024-03-09,Soup,77,0
2024-03-10,Pizza,127,0
2024-03-10,Burger,159,0
2024-03-10,Pasta,125,0
2024-03-10,Salad,74,0
2024-03-10,Sandwich,119,0
2024-03-10,Rice Bowl,107,0
2024-03-10,Noodles,128,0
2024-03-10,Soup,65,0
2024-03-11,Pizza,77,0
2024-03-11,Burger,79,0
2024-03-11,Pasta,53,0
2024-03-11,Salad,36,0
2024-03-11,Sandwich,76,0
2024-03-11,Rice Bowl,79,0
2024-03-11,Noodles,64,0
2024-03-11,Soup,35,0
2024-03-12,Pizza,88,0
2024-03-12,Burger,89,0
2024-03-12,Pasta,66,0
2024-03-12,Salad,52,0
2024-03-12,Sandwich,81,0
2024-03-12,Rice Bowl,84,0
2024-03-12,Noodles,81,0
2024-03-12,Soup,44,0
2024-03-13,Pizza,68,0
2024-03-13,Burger,117,0
2024-03-13,Pasta,69,0
2024-03-13,Salad,45,0
2024-03-13,Sandwich,88,0
2024-03-13,Rice Bowl,101,0
2024-03-13,Noodles,74,0
2024-03-13,Soup,37,0
2024-03-14,Pizza,88,0
2024-03-14,Burger,94,0
2024-03-14,Pasta,61,0
2024-03-14,Salad,44,0
2024-03-14,Sandwich,80,0
2024-03-14,Rice Bowl,76,0
2024-03-14,Noodles,67,0
2024-03-14,Soup,44,0
2024-03-15,Pizza,80,0
2024-03-15,Burger,107,0
2024-03-15,Pasta,93,0
2024-03-15,Salad,56,0
2024-03-15,Sandwich,110,0
2024-03-15,Rice Bowl,84,0
2024-03-15,Noodles,75,0
2024-03-15,Soup,37,0
2024-03-16,Pizza,117,0
2024-03-16,Burger,154,0
2024-03-16,Pasta,103,0
2024-03-16,Salad,70,0
2024-03-16,Sandwich,129,0
2024-03-16,Rice Bowl,141,0
2024-03-16,Noodles,111,0
2024-03-16,Soup,63,0
2024-03-17,Pizza,124,0
2024-03-17,Burger,167,0
2024-03-17,Pasta,89,0
2024-03-17,Salad,87,0
2024-03-17,Sandwich,147,0
2024-03-17,Rice Bowl,110,0
2024-03-17,Noodles,134,0
2024-03-17,Soup,72,0
2024-03-18,Pizza,59,0
2024-03-18,Burger,81,0
2024-03-18,Pasta,70,0
2024-03-18,Salad,49,0
2024-03-18,Sandwich,70,0
2024-03-18,Rice Bowl,67,0
2024-03-18,Noodles,64,0
2024-03-18,Soup,35,0
2024-03-19,Pizza,79,0
2024-03-19,Burger,90,0
2024-03-19,Pasta,65,0
2024-03-19,Salad,52,0
2024-03-19,Sandwich,69,0
2024-03-19,Rice Bowl,72,0
2024-03-19,Noodles,77,0
2024-03-19,Soup,44,0
2024-03-20,Pizza,80,0
2024-03-20,Burger,101,0
2024-03-20,Pasta,59,0
2024-03-20,Salad,48,0
2024-03-20,Sandwich,91,0
2024-03-20,Rice Bowl,76,0
2024-03-20,Noodles,68,0
2024-03-20,Soup,38,0
2024-03-21,Pizza,67,0
2024-03-21,Burger,97,0
2024-03-21,Pasta,65,0
2024-03-21,Salad,48,0
2024-03-21,Sandwich,80,0
2024-03-21,Rice Bowl,103,0
2024-03-21,Noodles,81,0
2024-03-21,Soup,45,0
2024-03-22,Pizza,102,0
2024-03-22,Burger,114,0
2024-03-22,Pasta,67,0
2024-03-22,Salad,58,0
2024-03-22,Sandwich,107,0
2024-03-22,Rice Bowl,107,0
2024-03-22,Noodles,83,0
2024-03-22,Soup,39,0
2024-03-23,Pizza,123,0
2024-03-23,Burger,159,0
2024-03-23,Pasta,125,0
2024-03-23,Salad,86,0
2024-03-23,Sandwich,143,0
2024-03-23,Rice Bowl,171,0
2024-03-23,Noodles,132,0
2024-03-23,Soup,60,0
2024-03-24,Pizza,104,0
2024-03-24,Burger,134,0
2024-03-24,Pasta,98,0
2024-03-24,Salad,67,0
2024-03-24,Sandwich,122,0
2024-03-24,Rice Bowl,121,0
2024-03-24,Noodles,101,0
2024-03-24,Soup,72,0
2024-03-25,Pizza,59,0
2024-03-25,Burger,90,0
2024-03-25,Pasta,60,0
2024-03-25,Salad,53,0
2024-03-25,Sandwich,68,0
2024-03-25,Rice Bowl,73,0
2024-03-25,Noodles,80,0
2024-03-25,Soup,41,0
2024-03-26,Pizza,85,0
2024-03-26,Burger,85,0
2024-03-26,Pasta,57,0
2024-03-26,Salad,50,0
2024-03-26,Sandwich,100,0
2024-03-26,Rice Bowl,82,0
2024-03-26,Noodles,73,0
2024-03-26,Soup,34,0
2024-03-27,Pizza,88,0
2024-03-27,Burger,87,0
2024-03-27,Pasta,65,0
2024-03-27,Salad,48,0
2024-03-27,Sandwich,90,0
2024-03-27,Rice Bowl,76,0
2024-03-27,Noodles,63,0
2024-03-27,Soup,41,0
2024-03-28,Pizza,76,0
2024-03-28,Burger,108,0
2024-03-28,Pasta,63,0
2024-03-28,Salad,52,0
2024-03-28,Sandwich,95,0
2024-03-28,Rice Bowl,73,0
2024-03-28,Noodles,73,0
2024-03-28,Soup,35,0
2024-03-29,Pizza,75,0
2024-03-29,Burger,137,0
2024-03-29,Pasta,74,0
2024-03-29,Salad,64,0
2024-03-29,Sandwich,93,0
2024-03-29,Rice Bowl,104,0
2024-03-29,Noodles,95,0
2024-03-29,Soup,47,0
2024-03-30,Pizza,133,0
2024-03-30,Burger,163,0
2024-03-30,Pasta,111,0
2024-03-30,Salad,99,0
2024-03-30,Sandwich,172,0
2024-03-30,Rice Bowl,170,0
2024-03-30,Noodles,107,0
2024-03-30,Soup,73,0
2024-03-31,Pizza,146,0
2024-03-31,Burger,136,0
2024-03-31,Pasta,90,0
2024-03-31,Salad,85,0
2024-03-31,Sandwich,144,0
2024-03-31,Rice Bowl,150,0
2024-03-31,Noodles,100,0
2024-03-31,Soup,69,0
2024-04-01,Pizza,63,0
2024-04-01,Burger,77,0
2024-04-01,Pasta,54,0
2024-04-01,Salad,50,0
2024-04-01,Sandwich,86,0
2024-04-01,Rice Bowl,77,0
2024-04-01,Noodles,63,0
2024-04-01,Soup,41,0
2024-04-02,Pizza,72,0
2024-04-02,Burger,107,0
2024-04-02,Pasta,64,0
2024-04-02,Salad,45,0
2024-04-02,Sandwich,84,0
2024-04-02,Rice Bowl,74,0
2024-04-02,Noodles,78,0
2024-04-02,Soup,38,0
2024-04-03,Pizza,71,0
2024-04-03,Burger,115,0
2024-04-03,Pasta,66,0
2024-04-03,Salad,50,0
2024-04-03,Sandwich,104,0
2024-04-03,Rice Bowl,89,0
2024-04-03,Noodles,63,0
2024-04-03,Soup,47,0
2024-04-04,Pizza,88,0
2024-04-04,Burger,98,0
2024-04-04,Pasta,62,0
2024-04-04,Salad,58,0
2024-04-04,Sandwich,99,0
2024-04-04,Rice Bowl,90,0
2024-04-04,Noodles,91,0
2024-04-04,Soup,46,0
2024-04-05,Pizza,79,0
2024-04-05,Burger,106,0
2024-04-05,Pasta,72,0
2024-04-05,Salad,63,0
2024-04-05,Sandwich,84,0
2024-04-05,Rice Bowl,100,0
2024-04-05,Noodles,95,0
2024-04-05,Soup,52,0
2024-04-06,Pizza,126,0
2024-04-06,Burger,190,0
2024-04-06,Pasta,99,0
2024-04-06,Salad,96,0
2024-04-06,Sandwich,129,0
2024-04-06,Rice Bowl,137,0
2024-04-06,Noodles,141,0
2024-04-06,Soup,58,0
2024-04-07,Pizza,111,0
2024-04-07,Burger,169,0
2024-04-07,Pasta,118,0
2024-04-07,Salad,82,0
2024-04-07,Sandwich,151,0
2024-04-07,Rice Bowl,134,0
2024-04-07,Noodles,105,0
2024-04-07,Soup,58,0
2024-04-08,Pizza,62,0
2024-04-08,Burger,104,0
2024-04-08,Pasta,65,0
2024-04-08,Salad,43,0
2024-04-08,Sandwich,79,0
2024-04-08,Rice Bowl,90,0
2024-04-08,Noodles,58,0
2024-04-08,Soup,37,0
2024-04-09,Pizza,76,0
2024-04-09,Burger,99,0
2024-04-09,Pasta,53,0
2024-04-09,Salad,54,0
2024-04-09,Sandwich,100,0
2024-04-09,Rice Bowl,82,0
2024-04-09,Noodles,76,0
2024-04-09,Soup,44,0
2024-04-10,Pizza,86,0
2024-04-10,Burger,86,0
2024-04-10,Pasta,72,0
2024-04-10,Salad,52,0
2024-04-10,Sandwich,87,0
2024-04-10,Rice Bowl,93,0
2024-04-10,Noodles,88,0
2024-04-10,Soup,46,0
2024-04-11,Pizza,82,0
2024-04-11,Burger,88,0
2024-04-11,Pasta,87,0
2024-04-11,Salad,59,0
2024-04-11,Sandwich,80,0
2024-04-11,Rice Bowl,104,0
2024-04-11,Noodles,90,0
2024-04-11,Soup,42,0
2024-04-12,Pizza,95,0
2024-04-12,Burger,110,0
2024-04-12,Pasta,66,0
2024-04-12,Salad,53,0
2024-04-12,Sandwich,116,0
2024-04-12,Rice Bowl,78,0
2024-04-12,Noodles,80,0
2024-04-12,Soup,44,0
2024-04-13,Pizza,137,0
2024-04-13,Burger,197,0
2024-04-13,Pasta,111,0
2024-04-13,Salad,79,0
2024-04-13,Sandwich,166,0
2024-04-13,Rice Bowl,140,0
2024-04-13,Noodles,112,0
2024-04-13,Soup,66,0
2024-04-14,Pizza,106,0
2024-04-14,Burger,135,0
2024-04-14,Pasta,109,0
2024-04-14,Salad,75,0
2024-04-14,Sandwich,163,0
2024-04-14,Rice Bowl,125,0
2024-04-14,Noodles,120,0
2024-04-14,Soup,65,0
2024-04-15,Pizza,57,0
2024-04-15,Burger,95,0
2024-04-15,Pasta,54,0
2024-04-15,Salad,53,0
2024-04-15,Sandwich,69,0
2024-04-15,Rice Bowl,73,0
2024-04-15,Noodles,56,0
2024-04-15,Soup,43,0
2024-04-16,Pizza,76,0
2024-04-16,Burger,98,0
2024-04-16,Pasta,54,0
2024-04-16,Salad,52,0
2024-04-16,Sandwich,75,0
2024-04-16,Rice Bowl,93,0
2024-04-16,Noodles,62,0
2024-04-16,Soup,33,0
2024-04-17,Pizza,65,0
2024-04-17,Burger,98,0
2024-04-17,Pasta,71,0
2024-04-17,Salad,41,0
2024-04-17,Sandwich,99,0
2024-04-17,Rice Bowl,83,0
2024-04-17,Noodles,75,0
2024-04-17,Soup,39,0
2024-04-18,Pizza,80,0
2024-04-18,Burger,107,0
2024-04-18,Pasta,63,0
2024-04-18,Salad,45,0
2024-04-18,Sandwich,108,0
2024-04-18,Rice Bowl,105,0
2024-04-18,Noodles,74,0
2024-04-18,Soup,38,0
2024-04-19,Pizza,97,0
2024-04-19,Burger,110,0
2024-04-19,Pasta,65,0
2024-04-19,Salad,49,0
2024-04-19,Sandwich,112,0
2024-04-19,Rice Bowl,103,0
2024-04-19,Noodles,69,0
2024-04-19,Soup,40,0
2024-04-20,Pizza,120,0
2024-04-20,Burger,180,0
2024-04-20,Pasta,95,0
2024-04-20,Salad,71,0
2024-04-20,Sandwich,170,0
2024-04-20,Rice Bowl,125,0
2024-04-20,Noodles,134,0
2024-04-20,Soup,60,0
2024-04-21,Pizza,104,0
2024-04-21,Burger,139,0
2024-04-21,Pasta,118,0
2024-04-21,Salad,89,0
2024-04-21,Sandwich,158,0
2024-04-21,Rice Bowl,127,0
2024-04-21,Noodles,124,0
2024-04-21,Soup,55,0
2024-04-22,Pizza,66,0
2024-04-22,Burger,104,0
2024-04-22,Pasta,50,0
2024-04-22,Salad,37,0
2024-04-22,Sandwich,71,0
2024-04-22,Rice Bowl,62,0
2024-04-22,Noodles,58,0
2024-04-22,Soup,37,0
2024-04-23,Pizza,73,0
2024-04-23,Burger,109,0
2024-04-23,Pasta,74,0
2024-04-23,Salad,44,0
2024-04-23,Sandwich,77,0
2024-04-23,Rice Bowl,76,0
2024-04-23,Noodles,73,0
2024-04-23,Soup,34,0
2024-04-24,Pizza,83,0
2024-04-24,Burger,96,0
2024-04-24,Pasta,71,0
2024-04-24,Salad,48,0
2024-04-24,Sandwich,82,0
2024-04-24,Rice Bowl,100,0
2024-04-24,Noodles,82,0
2024-04-24,Soup,34,0
2024-04-25,Pizza,96,0
2024-04-25,Burger,104,0
2024-04-25,Pasta,85,0
2024-04-25,Salad,58,0
2024-04-25,Sandwich,91,0
2024-04-25,Rice Bowl,72,0
2024-04-25,Noodles,71,0
2024-04-25,Soup,42,0
2024-04-26,Pizza,96,0
2024-04-26,Burger,103,0
2024-04-26,Pasta,68,0
2024-04-26,Salad,65,0
2024-04-26,Sandwich,123,0
2024-04-26,Rice Bowl,98,0
2024-04-26,Noodles,74,0
2024-04-26,Soup,41,0
2024-04-27,Pizza,109,0
2024-04-27,Burger,197,0
2024-04-27,Pasta,100,0
2024-04-27,Salad,87,0
2024-04-27,Sandwich,138,0
2024-04-27,Rice Bowl,146,0
2024-04-27,Noodles,134,0
2024-04-27,Soup,76,0
2024-04-28,Pizza,110,0
2024-04-28,Burger,125,0
2024-04-28,Pasta,93,0
2024-04-28,Salad,90,0
2024-04-28,Sandwich,161,0
2024-04-28,Rice Bowl,137,0
2024-04-28,Noodles,121,0
2024-04-28,Soup,66,0
2024-04-29,Pizza,62,0
2024-04-29,Burger,104,0
2024-04-29,Pasta,60,0
2024-04-29,Salad,42,0
2024-04-29,Sandwich,81,0
2024-04-29,Rice Bowl,62,0
2024-04-29,Noodles,58,0
2024-04-29,Soup,39,0
2024-04-30,Pizza,63,0
2024-04-30,Burger,98,0
2024-04-30,Pasta,59,0
2024-04-30,Salad,45,0
2024-04-30,Sandwich,78,0
2024-04-30,Rice Bowl,76,0
2024-04-30,Noodles,77,0
2024-04-30,Soup,34,0
2024-05-01,Pizza,82,0
2024-05-01,Burger,99,0
2024-05-01,Pasta,74,0
2024-05-01,Salad,58,0
2024-05-01,Sandwich,98,0
2024-05-01,Rice Bowl,75,0
2024-05-01,Noodles,60,0
2024-05-01,Soup,36,0
2024-05-02,Pizza,87,0
2024-05-02,Burger,86,0
2024-05-02,Pasta,73,0
2024-05-02,Salad,54,0
2024-05-02,Sandwich,88,0
2024-05-02,Rice Bowl,98,0
2024-05-02,Noodles,66,0
2024-05-02,Soup,34,0
2024-05-03,Pizza,100,0
2024-05-03,Burger,114,0
2024-05-03,Pasta,86,0
2024-05-03,Salad,56,0
2024-05-03,Sandwich,93,0
2024-05-03,Rice Bowl,110,0
2024-05-03,Noodles,96,0
2024-05-03,Soup,49,0
2024-05-04,Pizza,122,0
2024-05-04,Burger,175,0
2024-05-04,Pasta,111,0
2024-05-04,Salad,70,0
2024-05-04,Sandwich,177,0
2024-05-04,Rice Bowl,122,0
2024-05-04,Noodles,149,0
2024-05-04,Soup,66,0
2024-05-05,Pizza,109,0
2024-05-05,Burger,158,0
2024-05-05,Pasta,125,0
2024-05-05,Salad,85,0
2024-05-05,Sandwich,157,0
2024-05-05,Rice Bowl,141,0
2024-05-05,Noodles,125,0
2024-05-05,Soup,71,0
2024-05-06,Pizza,64,0
2024-05-06,Burger,89,0
2024-05-06,Pasta,55,0
2024-05-06,Salad,53,0
2024-05-06,Sandwich,95,0
2024-05-06,Rice Bowl,62,0
2024-05-06,Noodles,73,0
2024-05-06,Soup,42,0
2024-05-07,Pizza,66,0
2024-05-07,Burger,97,0
2024-05-07,Pasta,77,0
2024-05-07,Salad,38,0
2024-05-07,Sandwich,92,0
2024-05-07,Rice Bowl,74,0
2024-05-07,Noodles,83,0
2024-05-07,Soup,45,0
2024-05-08,Pizza,94,0
2024-05-08,Burger,98,0
2024-05-08,Pasta,80,0
2024-05-08,Salad,56,0
2024-05-08,Sandwich,83,0
2024-05-08,Rice Bowl,96,0
2024-05-08,Noodles,61,0
2024-05-08,Soup,41,0
2024-05-09,Pizza,74,0
2024-05-09,Burger,89,0
2024-05-09,Pasta,61,0
2024-05-09,Salad,56,0
2024-05-09,Sandwich,88,0
2024-05-09,Rice Bowl,97,0
2024-05-09,Noodles,65,0
2024-05-09,Soup,38,0
2024-05-10,Pizza,93,0
2024-05-10,Burger,128,0
2024-05-10,Pasta,74,0
2024-05-10,Salad,60,0
2024-05-10,Sandwich,119,0
2024-05-10,Rice Bowl,102,0
2024-05-10,Noodles,77,0
2024-05-10,Soup,37,0
2024-05-11,Pizza,155,0
2024-05-11,Burger,136,0
2024-05-11,Pasta,136,0
2024-05-11,Salad,85,0
2024-05-11,Sandwich,178,0
2024-05-11,Rice Bowl,160,0
2024-05-11,Noodles,151,0
2024-05-11,Soup,63,0
2024-05-12,Pizza,138,0
2024-05-12,Burger,149,0
2024-05-12,Pasta,108,0
2024-05-12,Salad,81,0
2024-05-12,Sandwich,161,0
2024-05-12,Rice Bowl,158,0
2024-05-12,Noodles,129,0
2024-05-12,Soup,60,0
2024-05-13,Pizza,69,0
2024-05-13,Burger,98,0
2024-05-13,Pasta,56,0
2024-05-13,Salad,37,0
2024-05-13,Sandwich,76,0
2024-05-13,Rice Bowl,69,0
2024-05-13,Noodles,62,0
2024-05-13,Soup,32,0
2024-05-14,Pizza,62,0
2024-05-14,Burger,76,0
2024-05-14,Pasta,79,0
2024-05-14,Salad,46,0
2024-05-14,Sandwich,81,0
2024-05-14,Rice Bowl,86,0
2024-05-14,Noodles,63,0
2024-05-14,Soup,44,0
2024-05-15,Pizza,89,0
2024-05-15,Burger,83,0
2024-05-15,Pasta,67,0
2024-05-15,Salad,57,0
2024-05-15,Sandwich,106,0
2024-05-15,Rice Bowl,83,0
2024-05-15,Noodles,78,0
2024-05-15,Soup,34,0
2024-05-16,Pizza,100,0
2024-05-16,Burger,93,0
2024-05-16,Pasta,86,0
2024-05-16,Salad,55,0
2024-05-16,Sandwich,98,0
2024-05-16,Rice Bowl,89,0
2024-05-16,Noodles,70,0
2024-05-16,Soup,36,0
2024-05-17,Pizza,81,0
2024-05-17,Burger,100,0
2024-05-17,Pasta,89,0
2024-05-17,Salad,54,0
2024-05-17,Sandwich,85,0
2024-05-17,Rice Bowl,116,0
2024-05-17,Noodles,99,0
2024-05-17,Soup,53,0
2024-05-18,Pizza,161,0
2024-05-18,Burger,146,0
2024-05-18,Pasta,113,0
2024-05-18,Salad,93,0
2024-05-18,Sandwich,164,0
2024-05-18,Rice Bowl,123,0
2024-05-18,Noodles,142,0
2024-05-18,Soup,60,0
2024-05-19,Pizza,111,0
2024-05-19,Burger,158,0
2024-05-19,Pasta,113,0
2024-05-19,Salad,80,0
2024-05-19,Sandwich,117,0
2024-05-19,Rice Bowl,152,0
2024-05-19,Noodles,106,0
2024-05-19,Soup,53,0
2024-05-20,Pizza,83,0
2024-05-20,Burger,106,0
2024-05-20,Pasta,72,0
2024-05-20,Salad,50,0
2024-05-20,Sandwich,86,0
2024-05-20,Rice Bowl,78,0
2024-05-20,Noodles,56,0
2024-05-20,Soup,34,0
2024-05-21,Pizza,72,0
2024-05-21,Burger,85,0
2024-05-21,Pasta,72,0
2024-05-21,Salad,47,0
2024-05-21,Sandwich,71,0
2024-05-21,Rice Bowl,71,0
2024-05-21,Noodles,76,0
2024-05-21,Soup,31,0
2024-05-22,Pizza,91,0
2024-05-22,Burger,99,0
2024-05-22,Pasta,69,0
2024-05-22,Salad,51,0
2024-05-22,Sandwich,101,0
2024-05-22,Rice Bowl,79,0
2024-05-22,Noodles,80,0
2024-05-22,Soup,41,0
2024-05-23,Pizza,76,0
2024-05-23,Burger,120,0
2024-05-23,Pasta,82,0
2024-05-23,Salad,55,0
2024-05-23,Sandwich,107,0
2024-05-23,Rice Bowl,102,0
2024-05-23,Noodles,85,0
2024-05-23,Soup,47,0
2024-05-24,Pizza,99,0
2024-05-24,Burger,123,0
2024-05-24,Pasta,84,0
2024-05-24,Salad,63,0
2024-05-24,Sandwich,89,0
2024-05-24,Rice Bowl,112,0
2024-05-24,Noodles,99,0
2024-05-24,Soup,37,0
2024-05-25,Pizza,152,0
2024-05-25,Burger,143,0
2024-05-25,Pasta,110,0
2024-05-25,Salad,92,0
2024-05-25,Sandwich,131,0
2024-05-25,Rice Bowl,161,0
2024-05-25,Noodles,143,0
2024-05-25,Soup,67,0
2024-05-26,Pizza,100,0
2024-05-26,Burger,142,0
2024-05-26,Pasta,114,0
2024-05-26,Salad,93,0
2024-05-26,Sandwich,147,0
2024-05-26,Rice Bowl,119,0
2024-05-26,Noodles,123,0
2024-05-26,Soup,63,0
2024-05-27,Pizza,80,0
2024-05-27,Burger,75,0
2024-05-27,Pasta,69,0
2024-05-27,Salad,45,0
2024-05-27,Sandwich,96,0
2024-05-27,Rice Bowl,71,0
2024-05-27,Noodles,71,0
2024-05-27,Soup,42,0
2024-05-28,Pizza,63,0
2024-05-28,Burger,111,0
2024-05-28,Pasta,71,0
2024-05-28,Salad,39,0
2024-05-28,Sandwich,78,0
2024-05-28,Rice Bowl,87,0
2024-05-28,Noodles,58,0
2024-05-28,Soup,39,0
2024-05-29,Pizza,75,0
2024-05-29,Burger,104,0
2024-05-29,Pasta,57,0
2024-05-29,Salad,57,0
2024-05-29,Sandwich,107,0
2024-05-29,Rice Bowl,100,0
2024-05-29,Noodles,82,0
2024-05-29,Soup,34,0
2024-05-30,Pizza,92,0
2024-05-30,Burger,85,0
2024-05-30,Pasta,59,0
2024-05-30,Salad,48,0
2024-05-30,Sandwich,94,0
2024-05-30,Rice Bowl,98,0
2024-05-30,Noodles,84,0
2024-05-30,Soup,41,0
2024-05-31,Pizza,83,0
2024-05-31,Burger,137,0
2024-05-31,Pasta,78,0
2024-05-31,Salad,56,0
2024-05-31,Sandwich,89,0
2024-05-31,Rice Bowl,109,0
2024-05-31,Noodles,92,0
2024-05-31,Soup,40,0
2024-06-01,Pizza,112,0
2024-06-01,Burger,181,0
2024-06-01,Pasta,125,0
2024-06-01,Salad,76,0
2024-06-01,Sandwich,179,0
2024-06-01,Rice Bowl,123,0
2024-06-01,Noodles,123,0
2024-06-01,Soup,79,0
2024-06-02,Pizza,120,0
2024-06-02,Burger,164,0
2024-06-02,Pasta,104,0
2024-06-02,Salad,70,0
2024-06-02,Sandwich,167,0
2024-06-02,Rice Bowl,127,0
2024-06-02,Noodles,135,0
2024-06-02,Soup,55,0
2024-06-03,Pizza,63,0
2024-06-03,Burger,73,0
2024-06-03,Pasta,66,0
2024-06-03,Salad,42,0
2024-06-03,Sandwich,92,0
2024-06-03,Rice Bowl,75,0
2024-06-03,Noodles,80,0
2024-06-03,Soup,31,0
2024-06-04,Pizza,87,0
2024-06-04,Burger,105,0
2024-06-04,Pasta,73,0
2024-06-04,Salad,54,0
2024-06-04,Sandwich,94,0
2024-06-04,Rice Bowl,84,0
2024-06-04,Noodles,60,0
2024-06-04,Soup,30,0
2024-06-05,Pizza,93,0
2024-06-05,Burger,104,0
2024-06-05,Pasta,78,0
2024-06-05,Salad,49,0
2024-06-05,Sandwich,76,0
2024-06-05,Rice Bowl,72,0
2024-06-05,Noodles,80,0
2024-06-05,Soup,38,0
2024-06-06,Pizza,73,0
2024-06-06,Burger,104,0
2024-06-06,Pasta,60,0
2024-06-06,Salad,54,0
2024-06-06,Sandwich,85,0
2024-06-06,Rice Bowl,99,0
2024-06-06,Noodles,72,0
2024-06-06,Soup,41,0
2024-06-07,Pizza,74,0
2024-06-07,Burger,95,0
2024-06-07,Pasta,77,0
2024-06-07,Salad,57,0
2024-06-07,Sandwich,107,0
2024-06-07,Rice Bowl,89,0
2024-06-07,Noodles,92,0
2024-06-07,Soup,52,0
2024-06-08,Pizza,150,0
2024-06-08,Burger,137,0
2024-06-08,Pasta,117,0
2024-06-08,Salad,71,0
2024-06-08,Sandwich,136,0
2024-06-08,Rice Bowl,171,0
2024-06-08,Noodles,108,0
2024-06-08,Soup,67,0
2024-06-09,Pizza,130,0
2024-06-09,Burger,168,0
2024-06-09,Pasta,111,0
2024-06-09,Salad,62,0
2024-06-09,Sandwich,130,0
2024-06-09,Rice Bowl,133,0
2024-06-09,Noodles,97,0
2024-06-09,Soup,58,0
2024-06-10,Pizza,58,0
2024-06-10,Burger,74,0
2024-06-10,Pasta,60,0
2024-06-10,Salad,38,0
2024-06-10,Sandwich,83,0
2024-06-10,Rice Bowl,82,0
2024-06-10,Noodles,75,0
2024-06-10,Soup,31,0
2024-06-11,Pizza,65,0
2024-06-11,Burger,79,0
2024-06-11,Pasta,70,0
2024-06-11,Salad,51,0
2024-06-11,Sandwich,69,0
2024-06-11,Rice Bowl,94,0
2024-06-11,Noodles,58,0
2024-06-11,Soup,38,0
2024-06-12,Pizza,86,0
2024-06-12,Burger,114,0
2024-06-12,Pasta,75,0
2024-06-12,Salad,56,0
2024-06-12,Sandwich,84,0
2024-06-12,Rice Bowl,95,0
2024-06-12,Noodles,62,0
2024-06-12,Soup,46,0
2024-06-13,Pizza,85,0
2024-06-13,Burger,118,0
2024-06-13,Pasta,72,0
2024-06-13,Salad,55,0
2024-06-13,Sandwich,95,0
2024-06-13,Rice Bowl,97,0
2024-06-13,Noodles,65,0
2024-06-13,Soup,34,0
2024-06-14,Pizza,82,0
2024-06-14,Burger,99,0
2024-06-14,Pasta,92,0
2024-06-14,Salad,51,0
2024-06-14,Sandwich,123,0
2024-06-14,Rice Bowl,91,0
2024-06-14,Noodles,75,0
2024-06-14,Soup,51,0
2024-06-15,Pizza,143,0
2024-06-15,Burger,168,0
2024-06-15,Pasta,120,0
2024-06-15,Salad,91,0
2024-06-15,Sandwich,135,0
2024-06-15,Rice Bowl,172,0
2024-06-15,Noodles,150,0
2024-06-15,Soup,71,0
2024-06-16,Pizza,109,0
2024-06-16,Burger,167,0
2024-06-16,Pasta,90,0
2024-06-16,Salad,63,0
2024-06-16,Sandwich,126,0
2024-06-16,Rice Bowl,130,0
2024-06-16,Noodles,134,0
2024-06-16,Soup,68,0
2024-06-17,Pizza,78,0
2024-06-17,Burger,87,0
2024-06-17,Pasta,59,0
2024-06-17,Salad,42,0
2024-06-17,Sandwich,96,0
2024-06-17,Rice Bowl,62,0
2024-06-17,Noodles,77,0
2024-06-17,Soup,37,0
2024-06-18,Pizza,74,0
2024-06-18,Burger,103,0
2024-06-18,Pasta,66,0
2024-06-18,Salad,54,0
2024-06-18,Sandwich,99,0
2024-06-18,Rice Bowl,78,0
2024-06-18,Noodles,64,0
2024-06-18,Soup,39,0
2024-06-19,Pizza,93,0
2024-06-19,Burger,88,0
2024-06-19,Pasta,73,0
2024-06-19,Salad,52,0
2024-06-19,Sandwich,98,0
2024-06-19,Rice Bowl,72,0
2024-06-19,Noodles,81,0
2024-06-19,Soup,46,0
2024-06-20,Pizza,73,0
2024-06-20,Burger,93,0
2024-06-20,Pasta,87,0
2024-06-20,Salad,45,0
2024-06-20,Sandwich,107,0
2024-06-20,Rice Bowl,88,0
2024-06-20,Noodles,70,0
2024-06-20,Soup,48,0
2024-06-21,Pizza,89,0
2024-06-21,Burger,115,0
2024-06-21,Pasta,75,0
2024-06-21,Salad,59,0
2024-06-21,Sandwich,89,0
2024-06-21,Rice Bowl,93,0
2024-06-21,Noodles,102,0
2024-06-21,Soup,41,0
2024-06-22,Pizza,143,0
2024-06-22,Burger,157,0
2024-06-22,Pasta,131,0
2024-06-22,Salad,72,0
2024-06-22,Sandwich,180,0
2024-06-22,Rice Bowl,140,0
2024-06-22,Noodles,113,0
2024-06-22,Soup,56,0
2024-06-23,Pizza,108,0
2024-06-23,Burger,157,0
2024-06-23,Pasta,102,0
2024-06-23,Salad,88,0
2024-06-23,Sandwich,136,0
2024-06-23,Rice Bowl,119,0
2024-06-23,Noodles,122,0
2024-06-23,Soup,67,0
2024-06-24,Pizza,62,0
2024-06-24,Burger,78,0
2024-06-24,Pasta,51,0
2024-06-24,Salad,49,0
2024-06-24,Sandwich,86,0
2024-06-24,Rice Bowl,75,0
2024-06-24,Noodles,76,0
2024-06-24,Soup,40,0
2024-06-25,Pizza,78,0
2024-06-25,Burger,108,0
2024-06-25,Pasta,58,0
2024-06-25,Salad,40,0
2024-06-25,Sandwich,77,0
2024-06-25,Rice Bowl,66,0
2024-06-25,Noodles,72,0
2024-06-25,Soup,44,0
2024-06-26,Pizza,65,0
2024-06-26,Burger,84,0
2024-06-26,Pasta,68,0
2024-06-26,Salad,58,0
2024-06-26,Sandwich,83,0
2024-06-26,Rice Bowl,85,0
2024-06-26,Noodles,61,0
2024-06-26,Soup,34,0
2024-06-27,Pizza,100,0
2024-06-27,Burger,124,0
2024-06-27,Pasta,58,0
2024-06-27,Salad,61,0
2024-06-27,Sandwich,99,0
2024-06-27,Rice Bowl,102,0
2024-06-27,Noodles,77,0
2024-06-27,Soup,42,0
2024-06-28,Pizza,91,0
2024-06-28,Burger,122,0
2024-06-28,Pasta,68,0
2024-06-28,Salad,46,0
2024-06-28,Sandwich,95,0
2024-06-28,Rice Bowl,105,0
2024-06-28,Noodles,75,0
2024-06-28,Soup,49,0
2024-06-29,Pizza,160,0
2024-06-29,Burger,141,0
2024-06-29,Pasta,126,0
2024-06-29,Salad,82,0
2024-06-29,Sandwich,174,0
2024-06-29,Rice Bowl,125,0
2024-06-29,Noodles,136,0
2024-06-29,Soup,76,0
2024-06-30,Pizza,146,0
2024-06-30,Burger,167,0
2024-06-30,Pasta,109,0
2024-06-30,Salad,81,0
2024-06-30,Sandwich,161,0
2024-06-30,Rice Bowl,136,0
2024-06-30,Noodles,95,0
2024-06-30,Soup,73,0
2024-07-01,Pizza,116,1
2024-07-01,Burger,144,1
2024-07-01,Pasta,83,1
2024-07-01,Salad,71,1
2024-07-01,Sandwich,116,1
2024-07-01,Rice Bowl,121,1
2024-07-01,Noodles,85,1
2024-07-01,Soup,57,1
2024-07-02,Pizza,136,1
2024-07-02,Burger,116,1
2024-07-02,Pasta,118,1
2024-07-02,Salad,68,1
2024-07-02,Sandwich,147,1
2024-07-02,Rice Bowl,134,1
2024-07-02,Noodles,109,1
2024-07-02,Soup,62,1
2024-07-03,Pizza,138,1
2024-07-03,Burger,144,1
2024-07-03,Pasta,97,1
2024-07-03,Salad,80,1
2024-07-03,Sandwich,151,1
2024-07-03,Rice Bowl,140,1
2024-07-03,Noodles,125,1
2024-07-03,Soup,58,1
2024-07-04,Pizza,142,1
2024-07-04,Burger,133,1
2024-07-04,Pasta,112,1
2024-07-04,Salad,63,1
2024-07-04,Sandwich,131,1
2024-07-04,Rice Bowl,126,1
2024-07-04,Noodles,113,1
2024-07-04,Soup,67,1
2024-07-05,Pizza,131,1
2024-07-05,Burger,168,1
2024-07-05,Pasta,108,1
2024-07-05,Salad,81,1
2024-07-05,Sandwich,138,1
2024-07-05,Rice Bowl,121,1
2024-07-05,Noodles,134,1
2024-07-05,Soup,73,1
2024-07-06,Pizza,212,1
2024-07-06,Burger,249,1
2024-07-06,Pasta,168,1
2024-07-06,Salad,145,1
2024-07-06,Sandwich,229,1
2024-07-06,Rice Bowl,213,1
2024-07-06,Noodles,154,1
2024-07-06,Soup,94,1
2024-07-07,Pizza,178,1
2024-07-07,Burger,224,1
2024-07-07,Pasta,169,1
2024-07-07,Salad,118,1
2024-07-07,Sandwich,219,1
2024-07-07,Rice Bowl,219,1
2024-07-07,Noodles,197,1
2024-07-07,Soup,101,1
2024-07-08,Pizza,85,0
2024-07-08,Burger,72,0
2024-07-08,Pasta,55,0
2024-07-08,Salad,36,0
2024-07-08,Sandwich,85,0
2024-07-08,Rice Bowl,88,0
2024-07-08,Noodles,60,0
2024-07-08,Soup,42,0
2024-07-09,Pizza,62,0
2024-07-09,Burger,111,0
2024-07-09,Pasta,62,0
2024-07-09,Salad,39,0
2024-07-09,Sandwich,85,0
2024-07-09,Rice Bowl,72,0
2024-07-09,Noodles,65,0
2024-07-09,Soup,35,0
2024-07-10,Pizza,89,0
2024-07-10,Burger,101,0
2024-07-10,Pasta,64,0
2024-07-10,Salad,52,0
2024-07-10,Sandwich,97,0
2024-07-10,Rice Bowl,77,0
2024-07-10,Noodles,72,0
2024-07-10,Soup,33,0
2024-07-11,Pizza,73,0
2024-07-11,Burger,112,0
2024-07-11,Pasta,64,0
2024-07-11,Salad,53,0
2024-07-11,Sandwich,102,0
2024-07-11,Rice Bowl,75,0
2024-07-11,Noodles,80,0
2024-07-11,Soup,37,0
2024-07-12,Pizza,109,0
2024-07-12,Burger,114,0
2024-07-12,Pasta,90,0
2024-07-12,Salad,58,0
2024-07-12,Sandwich,84,0
2024-07-12,Rice Bowl,102,0
2024-07-12,Noodles,101,0
2024-07-12,Soup,47,0
2024-07-13,Pizza,152,0
2024-07-13,Burger,194,0
2024-07-13,Pasta,105,0
2024-07-13,Salad,74,0
2024-07-13,Sandwich,158,0
2024-07-13,Rice Bowl,138,0
2024-07-13,Noodles,143,0
2024-07-13,Soup,78,0
2024-07-14,Pizza,117,0
2024-07-14,Burger,139,0
2024-07-14,Pasta,121,0
2024-07-14,Salad,70,0
2024-07-14,Sandwich,158,0
2024-07-14,Rice Bowl,128,0
2024-07-14,Noodles,124,0
2024-07-14,Soup,52,0
2024-07-15,Pizza,75,0
2024-07-15,Burger,88,0
2024-07-15,Pasta,65,0
2024-07-15,Salad,39,0
2024-07-15,Sandwich,88,0
2024-07-15,Rice Bowl,87,0
2024-07-15,Noodles,59,0
2024-07-15,Soup,30,0
2024-07-16,Pizza,61,0
2024-07-16,Burger,100,0
2024-07-16,Pasta,69,0
2024-07-16,Salad,48,0
2024-07-16,Sandwich,76,0
2024-07-16,Rice Bowl,77,0
2024-07-16,Noodles,73,0
2024-07-16,Soup,37,0
2024-07-17,Pizza,95,0
2024-07-17,Burger,85,0
2024-07-17,Pasta,75,0
2024-07-17,Salad,48,0
2024-07-17,Sandwich,87,0
2024-07-17,Rice Bowl,92,0
2024-07-17,Noodles,80,0
2024-07-17,Soup,47,0
2024-07-18,Pizza,71,0
2024-07-18,Burger,88,0
2024-07-18,Pasta,80,0
2024-07-18,Salad,54,0
2024-07-18,Sandwich,85,0
2024-07-18,Rice Bowl,74,0
2024-07-18,Noodles,65,0
2024-07-18,Soup,48,0
2024-07-19,Pizza,80,0
2024-07-19,Burger,106,0
2024-07-19,Pasta,71,0
2024-07-19,Salad,54,0
2024-07-19,Sandwich,85,0
2024-07-19,Rice Bowl,98,0
2024-07-19,Noodles,71,0
2024-07-19,Soup,51,0
2024-07-20,Pizza,120,0
2024-07-20,Burger,171,0
2024-07-20,Pasta,136,0
2024-07-20,Salad,89,0
2024-07-20,Sandwich,154,0
2024-07-20,Rice Bowl,133,0
2024-07-20,Noodles,118,0
2024-07-20,Soup,72,0
2024-07-21,Pizza,149,0
2024-07-21,Burger,166,0
2024-07-21,Pasta,111,0
2024-07-21,Salad,85,0
2024-07-21,Sandwich,138,0
2024-07-21,Rice Bowl,109,0
2024-07-21,Noodles,119,0
2024-07-21,Soup,73,0
2024-07-22,Pizza,62,0
2024-07-22,Burger,96,0
2024-07-22,Pasta,55,0
2024-07-22,Salad,45,0
2024-07-22,Sandwich,67,0
2024-07-22,Rice Bowl,74,0
2024-07-22,Noodles,74,0
2024-07-22,Soup,33,0
2024-07-23,Pizza,81,0
2024-07-23,Burger,106,0
2024-07-23,Pasta,77,0
2024-07-23,Salad,42,0
2024-07-23,Sandwich,82,0
2024-07-23,Rice Bowl,69,0
2024-07-23,Noodles,85,0
2024-07-23,Soup,44,0
2024-07-24,Pizza,81,0
2024-07-24,Burger,113,0
2024-07-24,Pasta,70,0
2024-07-24,Salad,52,0
2024-07-24,Sandwich,75,0
2024-07-24,Rice Bowl,93,0
2024-07-24,Noodles,63,0
2024-07-24,Soup,45,0
2024-07-25,Pizza,93,0
2024-07-25,Burger,113,0
2024-07-25,Pasta,59,0
2024-07-25,Salad,48,0
2024-07-25,Sandwich,85,0
2024-07-25,Rice Bowl,84,0
2024-07-25,Noodles,65,0
2024-07-25,Soup,49,0
2024-07-26,Pizza,93,0
2024-07-26,Burger,106,0
2024-07-26,Pasta,77,0
2024-07-26,Salad,56,0
2024-07-26,Sandwich,107,0
2024-07-26,Rice Bowl,98,0
2024-07-26,Noodles,100,0
2024-07-26,Soup,45,0
2024-07-27,Pizza,161,0
2024-07-27,Burger,192,0
2024-07-27,Pasta,104,0
2024-07-27,Salad,99,0
2024-07-27,Sandwich,128,0
2024-07-27,Rice Bowl,161,0
2024-07-27,Noodles,120,0
2024-07-27,Soup,77,0
2024-07-28,Pizza,143,0
2024-07-28,Burger,175,0
2024-07-28,Pasta,121,0
2024-07-28,Salad,71,0
2024-07-28,Sandwich,116,0
2024-07-28,Rice Bowl,127,0
2024-07-28,Noodles,101,0
2024-07-28,Soup,67,0
2024-07-29,Pizza,67,0
2024-07-29,Burger,107,0
2024-07-29,Pasta,66,0
2024-07-29,Salad,50,0
2024-07-29,Sandwich,69,0
2024-07-29,Rice Bowl,87,0
2024-07-29,Noodles,78,0
2024-07-29,Soup,35,0
2024-07-30,Pizza,79,0
2024-07-30,Burger,105,0
2024-07-30,Pasta,57,0
2024-07-30,Salad,47,0
2024-07-30,Sandwich,82,0
2024-07-30,Rice Bowl,69,0
2024-07-30,Noodles,67,0
2024-07-30,Soup,31,0
2024-07-31,Pizza,64,0
2024-07-31,Burger,85,0
2024-07-31,Pasta,82,0
2024-07-31,Salad,50,0
2024-07-31,Sandwich,106,0
2024-07-31,Rice Bowl,82,0
2024-07-31,Noodles,69,0
2024-07-31,Soup,40,0
2024-08-01,Pizza,81,0
2024-08-01,Burger,88,0
2024-08-01,Pasta,77,0
2024-08-01,Salad,46,0
2024-08-01,Sandwich,99,0
2024-08-01,Rice Bowl,94,0
2024-08-01,Noodles,67,0
2024-08-01,Soup,34,0
2024-08-02,Pizza,102,0
2024-08-02,Burger,113,0
2024-08-02,Pasta,66,0
2024-08-02,Salad,68,0
2024-08-02,Sandwich,85,0
2024-08-02,Rice Bowl,105,0
2024-08-02,Noodles,102,0
2024-08-02,Soup,41,0
2024-08-03,Pizza,115,0
2024-08-03,Burger,143,0
2024-08-03,Pasta,108,0
2024-08-03,Salad,71,0
2024-08-03,Sandwich,163,0
2024-08-03,Rice Bowl,118,0
2024-08-03,Noodles,127,0
2024-08-03,Soup,81,0
2024-08-04,Pizza,140,0
2024-08-04,Burger,163,0
2024-08-04,Pasta,100,0
2024-08-04,Salad,81,0
2024-08-04,Sandwich,141,0
2024-08-04,Rice Bowl,128,0
2024-08-04,Noodles,99,0
2024-08-04,Soup,72,0
2024-08-05,Pizza,70,0
2024-08-05,Burger,79,0
2024-08-05,Pasta,59,0
2024-08-05,Salad,43,0
2024-08-05,Sandwich,91,0
2024-08-05,Rice Bowl,83,0
2024-08-05,Noodles,74,0
2024-08-05,Soup,28,0
2024-08-06,Pizza,73,0
2024-08-06,Burger,94,0
2024-08-06,Pasta,53,0
2024-08-06,Salad,42,0
2024-08-06,Sandwich,94,0
2024-08-06,Rice Bowl,69,0
2024-08-06,Noodles,72,0
2024-08-06,Soup,33,0
2024-08-07,Pizza,64,0
2024-08-07,Burger,89,0
2024-08-07,Pasta,83,0
2024-08-07,Salad,56,0
2024-08-07,Sandwich,106,0
2024-08-07,Rice Bowl,84,0
2024-08-07,Noodles,63,0
2024-08-07,Soup,40,0
2024-08-08,Pizza,82,0
2024-08-08,Burger,119,0
2024-08-08,Pasta,61,0
2024-08-08,Salad,52,0
2024-08-08,Sandwich,81,0
2024-08-08,Rice Bowl,82,0
2024-08-08,Noodles,86,0
2024-08-08,Soup,41,0
2024-08-09,Pizza,87,0
2024-08-09,Burger,110,0
2024-08-09,Pasta,79,0
2024-08-09,Salad,64,0
2024-08-09,Sandwich,119,0
2024-08-09,Rice Bowl,115,0
2024-08-09,Noodles,96,0
2024-08-09,Soup,42,0
2024-08-10,Pizza,145,0
2024-08-10,Burger,164,0
2024-08-10,Pasta,106,0
2024-08-10,Salad,96,0
2024-08-10,Sandwich,124,0
2024-08-10,Rice Bowl,166,0
2024-08-10,Noodles,124,0
2024-08-10,Soup,71,0
2024-08-11,Pizza,132,0
2024-08-11,Burger,180,0
2024-08-11,Pasta,115,0
2024-08-11,Salad,81,0
2024-08-11,Sandwich,116,0
2024-08-11,Rice Bowl,133,0
2024-08-11,Noodles,100,0
2024-08-11,Soup,68,0
2024-08-12,Pizza,72,0
2024-08-12,Burger,96,0
2024-08-12,Pasta,51,0
2024-08-12,Salad,37,0
2024-08-12,Sandwich,88,0
2024-08-12,Rice Bowl,63,0
2024-08-12,Noodles,55,0
2024-08-12,Soup,28,0
2024-08-13,Pizza,89,0
2024-08-13,Burger,104,0
2024-08-13,Pasta,62,0
2024-08-13,Salad,43,0
2024-08-13,Sandwich,80,0
2024-08-13,Rice Bowl,89,0
2024-08-13,Noodles,75,0
2024-08-13,Soup,33,0
2024-08-14,Pizza,69,0
2024-08-14,Burger,83,0
2024-08-14,Pasta,74,0
2024-08-14,Salad,55,0
2024-08-14,Sandwich,81,0
2024-08-14,Rice Bowl,68,0
2024-08-14,Noodles,62,0
2024-08-14,Soup,47,0
2024-08-15,Pizza,77,0
2024-08-15,Burger,116,0
2024-08-15,Pasta,77,0
2024-08-15,Salad,50,0
2024-08-15,Sandwich,83,0
2024-08-15,Rice Bowl,75,0
2024-08-15,Noodles,82,0
2024-08-15,Soup,46,0
2024-08-16,Pizza,97,0
2024-08-16,Burger,116,0
2024-08-16,Pasta,65,0
2024-08-16,Salad,68,0
2024-08-16,Sandwich,115,0
2024-08-16,Rice Bowl,89,0
2024-08-16,Noodles,102,0
2024-08-16,Soup,47,0
2024-08-17,Pizza,139,0
2024-08-17,Burger,185,0
2024-08-17,Pasta,133,0
2024-08-17,Salad,89,0
2024-08-17,Sandwich,129,0
2024-08-17,Rice Bowl,134,0
2024-08-17,Noodles,148,0
2024-08-17,Soup,60,0
2024-08-18,Pizza,118,0
2024-08-18,Burger,151,0
2024-08-18,Pasta,106,0
2024-08-18,Salad,81,0
2024-08-18,Sandwich,165,0
2024-08-18,Rice Bowl,118,0
2024-08-18,Noodles,99,0
2024-08-18,Soup,54,0
2024-08-19,Pizza,83,0
2024-08-19,Burger,95,0
2024-08-19,Pasta,57,0
2024-08-19,Salad,50,0
2024-08-19,Sandwich,92,0
2024-08-19,Rice Bowl,87,0
2024-08-19,Noodles,78,0
2024-08-19,Soup,32,0
2024-08-20,Pizza,83,0
2024-08-20,Burger,93,0
2024-08-20,Pasta,75,0
2024-08-20,Salad,51,0
2024-08-20,Sandwich,94,0
2024-08-20,Rice Bowl,85,0
2024-08-20,Noodles,62,0
2024-08-20,Soup,38,0
2024-08-21,Pizza,95,0
2024-08-21,Burger,117,0
2024-08-21,Pasta,57,0
2024-08-21,Salad,43,0
2024-08-21,Sandwich,76,0
2024-08-21,Rice Bowl,92,0
2024-08-21,Noodles,84,0
2024-08-21,Soup,35,0
2024-08-22,Pizza,84,0
2024-08-22,Burger,119,0
2024-08-22,Pasta,80,0
2024-08-22,Salad,53,0
2024-08-22,Sandwich,97,0
2024-08-22,Rice Bowl,89,0
2024-08-22,Noodles,72,0
2024-08-22,Soup,43,0
2024-08-23,Pizza,98,0
2024-08-23,Burger,132,0
2024-08-23,Pasta,84,0
2024-08-23,Salad,63,0
2024-08-23,Sandwich,89,0
2024-08-23,Rice Bowl,96,0
2024-08-23,Noodles,69,0
2024-08-23,Soup,41,0
2024-08-24,Pizza,147,0
2024-08-24,Burger,202,0
2024-08-24,Pasta,99,0
2024-08-24,Salad,81,0
2024-08-24,Sandwich,170,0
2024-08-24,Rice Bowl,126,0
2024-08-24,Noodles,129,0
2024-08-24,Soup,73,0
2024-08-25,Pizza,130,0
2024-08-25,Burger,136,0
2024-08-25,Pasta,102,0
2024-08-25,Salad,86,0
2024-08-25,Sandwich,143,0
2024-08-25,Rice Bowl,106,0
2024-08-25,Noodles,129,0
2024-08-25,Soup,50,0
2024-08-26,Pizza,79,0
2024-08-26,Burger,79,0
2024-08-26,Pasta,74,0
2024-08-26,Salad,42,0
2024-08-26,Sandwich,75,0
2024-08-26,Rice Bowl,65,0
2024-08-26,Noodles,62,0
2024-08-26,Soup,41,0
2024-08-27,Pizza,91,0
2024-08-27,Burger,89,0
2024-08-27,Pasta,65,0
2024-08-27,Salad,51,0
2024-08-27,Sandwich,98,0
2024-08-27,Rice Bowl,83,0
2024-08-27,Noodles,68,0
2024-08-27,Soup,36,0
2024-08-28,Pizza,86,0
2024-08-28,Burger,80,0
2024-08-28,Pasta,73,0
2024-08-28,Salad,47,0
2024-08-28,Sandwich,100,0
2024-08-28,Rice Bowl,71,0
2024-08-28,Noodles,77,0
2024-08-28,Soup,39,0
2024-08-29,Pizza,88,0
2024-08-29,Burger,86,0
2024-08-29,Pasta,75,0
2024-08-29,Salad,53,0
2024-08-29,Sandwich,96,0
2024-08-29,Rice Bowl,92,0
2024-08-29,Noodles,84,0
2024-08-29,Soup,47,0
2024-08-30,Pizza,83,0
2024-08-30,Burger,129,0
2024-08-30,Pasta,80,0
2024-08-30,Salad,47,0
2024-08-30,Sandwich,85,0
2024-08-30,Rice Bowl,91,0
2024-08-30,Noodles,96,0
2024-08-30,Soup,49,0
2024-08-31,Pizza,150,0
2024-08-31,Burger,170,0
2024-08-31,Pasta,115,0
2024-08-31,Salad,72,0
2024-08-31,Sandwich,141,0
2024-08-31,Rice Bowl,139,0
2024-08-31,Noodles,105,0
2024-08-31,Soup,60,0
2024-09-01,Pizza,129,0
2024-09-01,Burger,170,0
2024-09-01,Pasta,130,0
2024-09-01,Salad,91,0
2024-09-01,Sandwich,148,0
2024-09-01,Rice Bowl,128,0
2024-09-01,Noodles,123,0
2024-09-01,Soup,69,0
2024-09-02,Pizza,61,0
2024-09-02,Burger,86,0
2024-09-02,Pasta,71,0
2024-09-02,Salad,42,0
2024-09-02,Sandwich,83,0
2024-09-02,Rice Bowl,79,0
2024-09-02,Noodles,58,0
2024-09-02,Soup,34,0
2024-09-03,Pizza,70,0
2024-09-03,Burger,76,0
2024-09-03,Pasta,53,0
2024-09-03,Salad,53,0
2024-09-03,Sandwich,77,0
2024-09-03,Rice Bowl,81,0
2024-09-03,Noodles,65,0
2024-09-03,Soup,44,0
2024-09-04,Pizza,72,0
2024-09-04,Burger,97,0
2024-09-04,Pasta,80,0
2024-09-04,Salad,56,0
2024-09-04,Sandwich,78,0
2024-09-04,Rice Bowl,95,0
2024-09-04,Noodles,73,0
2024-09-04,Soup,39,0
2024-09-05,Pizza,71,0
2024-09-05,Burger,87,0
2024-09-05,Pasta,80,0
2024-09-05,Salad,52,0
2024-09-05,Sandwich,92,0
2024-09-05,Rice Bowl,97,0
2024-09-05,Noodles,87,0
2024-09-05,Soup,36,0
2024-09-06,Pizza,96,0
2024-09-06,Burger,98,0
2024-09-06,Pasta,88,0
2024-09-06,Salad,61,0
2024-09-06,Sandwich,122,0
2024-09-06,Rice Bowl,80,0
2024-09-06,Noodles,70,0
2024-09-06,Soup,41,0
2024-09-07,Pizza,122,0
2024-09-07,Burger,151,0
2024-09-07,Pasta,137,0
2024-09-07,Salad,76,0
2024-09-07,Sandwich,138,0
2024-09-07,Rice Bowl,158,0
2024-09-07,Noodles,124,0
2024-09-07,Soup,75,0
2024-09-08,Pizza,103,0
2024-09-08,Burger,155,0
2024-09-08,Pasta,88,0
2024-09-08,Salad,64,0
2024-09-08,Sandwich,163,0
2024-09-08,Rice Bowl,113,0
2024-09-08,Noodles,118,0
2024-09-08,Soup,60,0
2024-09-09,Pizza,67,0
2024-09-09,Burger,104,0
2024-09-09,Pasta,50,0
2024-09-09,Salad,47,0
2024-09-09,Sandwich,96,0
2024-09-09,Rice Bowl,78,0
2024-09-09,Noodles,79,0
2024-09-09,Soup,29,0
2024-09-10,Pizza,73,0
2024-09-10,Burger,85,0
2024-09-10,Pasta,72,0
2024-09-10,Salad,56,0
2024-09-10,Sandwich,77,0
2024-09-10,Rice Bowl,85,0
2024-09-10,Noodles,62,0
2024-09-10,Soup,38,0
2024-09-11,Pizza,78,0
2024-09-11,Burger,118,0
2024-09-11,Pasta,73,0
2024-09-11,Salad,46,0
2024-09-11,Sandwich,76,0
2024-09-11,Rice Bowl,73,0
2024-09-11,Noodles,66,0
2024-09-11,Soup,36,0
2024-09-12,Pizza,95,0
2024-09-12,Burger,107,0
2024-09-12,Pasta,74,0
2024-09-12,Salad,44,0
2024-09-12,Sandwich,108,0
2024-09-12,Rice Bowl,97,0
2024-09-12,Noodles,65,0
2024-09-12,Soup,45,0
2024-09-13,Pizza,93,0
2024-09-13,Burger,95,0
2024-09-13,Pasta,79,0
2024-09-13,Salad,57,0
2024-09-13,Sandwich,89,0
2024-09-13,Rice Bowl,115,0
2024-09-13,Noodles,98,0
2024-09-13,Soup,49,0
2024-09-14,Pizza,133,0
2024-09-14,Burger,163,0
2024-09-14,Pasta,125,0
2024-09-14,Salad,86,0
2024-09-14,Sandwich,125,0
2024-09-14,Rice Bowl,144,0
2024-09-14,Noodles,142,0
2024-09-14,Soup,66,0
2024-09-15,Pizza,102,0
2024-09-15,Burger,173,0
2024-09-15,Pasta,96,0
2024-09-15,Salad,70,0
2024-09-15,Sandwich,121,0
2024-09-15,Rice Bowl,123,0
2024-09-15,Noodles,129,0
2024-09-15,Soup,62,0
2024-09-16,Pizza,63,0
2024-09-16,Burger,103,0
2024-09-16,Pasta,72,0
2024-09-16,Salad,51,0
2024-09-16,Sandwich,72,0
2024-09-16,Rice Bowl,75,0
2024-09-16,Noodles,80,0
2024-09-16,Soup,39,0
2024-09-17,Pizza,61,0
2024-09-17,Burger,78,0
2024-09-17,Pasta,65,0
2024-09-17,Salad,55,0
2024-09-17,Sandwich,86,0
2024-09-17,Rice Bowl,80,0
2024-09-17,Noodles,60,0
2024-09-17,Soup,40,0
2024-09-18,Pizza,90,0
2024-09-18,Burger,95,0
2024-09-18,Pasta,77,0
2024-09-18,Salad,59,0
2024-09-18,Sandwich,79,0
2024-09-18,Rice Bowl,85,0
2024-09-18,Noodles,68,0
2024-09-18,Soup,44,0
2024-09-19,Pizza,86,0
2024-09-19,Burger,110,0
2024-09-19,Pasta,82,0
2024-09-19,Salad,50,0
2024-09-19,Sandwich,110,0
2024-09-19,Rice Bowl,90,0
2024-09-19,Noodles,67,0
2024-09-19,Soup,45,0
2024-09-20,Pizza,102,0
2024-09-20,Burger,106,0
2024-09-20,Pasta,92,0
2024-09-20,Salad,66,0
2024-09-20,Sandwich,94,0
2024-09-20,Rice Bowl,116,0
2024-09-20,Noodles,73,0
2024-09-20,Soup,40,0
2024-09-21,Pizza,118,0
2024-09-21,Burger,195,0
2024-09-21,Pasta,125,0
2024-09-21,Salad,72,0
2024-09-21,Sandwich,148,0
2024-09-21,Rice Bowl,150,0
2024-09-21,Noodles,105,0
2024-09-21,Soup,77,0
2024-09-22,Pizza,139,0
2024-09-22,Burger,156,0
2024-09-22,Pasta,129,0
2024-09-22,Salad,75,0
2024-09-22,Sandwich,167,0
2024-09-22,Rice Bowl,141,0
2024-09-22,Noodles,123,0
2024-09-22,Soup,54,0
2024-09-23,Pizza,82,0
2024-09-23,Burger,87,0
2024-09-23,Pasta,54,0
2024-09-23,Salad,36,0
2024-09-23,Sandwich,82,0
2024-09-23,Rice Bowl,77,0
2024-09-23,Noodles,73,0
2024-09-23,Soup,41,0
2024-09-24,Pizza,63,0
2024-09-24,Burger,103,0
2024-09-24,Pasta,58,0
2024-09-24,Salad,54,0
2024-09-24,Sandwich,96,0
2024-09-24,Rice Bowl,82,0
2024-09-24,Noodles,77,0
2024-09-24,Soup,35,0
2024-09-25,Pizza,79,0
2024-09-25,Burger,112,0
2024-09-25,Pasta,68,0
2024-09-25,Salad,47,0
2024-09-25,Sandwich,89,0
2024-09-25,Rice Bowl,96,0
2024-09-25,Noodles,70,0
2024-09-25,Soup,34,0
2024-09-26,Pizza,91,0
2024-09-26,Burger,118,0
2024-09-26,Pasta,61,0
2024-09-26,Salad,47,0
2024-09-26,Sandwich,80,0
2024-09-26,Rice Bowl,83,0
2024-09-26,Noodles,77,0
2024-09-26,Soup,46,0
2024-09-27,Pizza,97,0
2024-09-27,Burger,120,0
2024-09-27,Pasta,75,0
2024-09-27,Salad,65,0
2024-09-27,Sandwich,102,0
2024-09-27,Rice Bowl,116,0
2024-09-27,Noodles,90,0
2024-09-27,Soup,39,0
2024-09-28,Pizza,144,0
2024-09-28,Burger,157,0
2024-09-28,Pasta,127,0
2024-09-28,Salad,69,0
2024-09-28,Sandwich,132,0
2024-09-28,Rice Bowl,164,0
2024-09-28,Noodles,112,0
2024-09-28,Soup,76,0
2024-09-29,Pizza,113,0
2024-09-29,Burger,164,0
2024-09-29,Pasta,117,0
2024-09-29,Salad,78,0
2024-09-29,Sandwich,129,0
2024-09-29,Rice Bowl,117,0
2024-09-29,Noodles,95,0
2024-09-29,Soup,57,0
2024-09-30,Pizza,76,0
2024-09-30,Burger,105,0
2024-09-30,Pasta,72,0
2024-09-30,Salad,49,0
2024-09-30,Sandwich,90,0
2024-09-30,Rice Bowl,81,0
2024-09-30,Noodles,61,0
2024-09-30,Soup,41,0
2024-10-01,Pizza,81,0
2024-10-01,Burger,97,0
2024-10-01,Pasta,56,0
2024-10-01,Salad,46,0
2024-10-01,Sandwich,84,0
2024-10-01,Rice Bowl,92,0
2024-10-01,Noodles,72,0
2024-10-01,Soup,36,0
2024-10-02,Pizza,95,0
2024-10-02,Burger,84,0
2024-10-02,Pasta,67,0
2024-10-02,Salad,40,0
2024-10-02,Sandwich,98,0
2024-10-02,Rice Bowl,99,0
2024-10-02,Noodles,68,0
2024-10-02,Soup,45,0
2024-10-03,Pizza,77,0
2024-10-03,Burger,122,0
2024-10-03,Pasta,80,0
2024-10-03,Salad,58,0
2024-10-03,Sandwich,76,0
2024-10-03,Rice Bowl,105,0
2024-10-03,Noodles,85,0
2024-10-03,Soup,38,0
2024-10-04,Pizza,104,0
2024-10-04,Burger,104,0
2024-10-04,Pasta,92,0
2024-10-04,Salad,48,0
2024-10-04,Sandwich,111,0
2024-10-04,Rice Bowl,99,0
2024-10-04,Noodles,72,0
2024-10-04,Soup,41,0
2024-10-05,Pizza,108,0
2024-10-05,Burger,166,0
2024-10-05,Pasta,108,0
2024-10-05,Salad,87,0
2024-10-05,Sandwich,139,0
2024-10-05,Rice Bowl,132,0
2024-10-05,Noodles,139,0
2024-10-05,Soup,55,0
2024-10-06,Pizza,144,0
2024-10-06,Burger,177,0
2024-10-06,Pasta,116,0
2024-10-06,Salad,80,0
2024-10-06,Sandwich,162,0
2024-10-06,Rice Bowl,115,0
2024-10-06,Noodles,97,0
2024-10-06,Soup,55,0
2024-10-07,Pizza,80,0
2024-10-07,Burger,73,0
2024-10-07,Pasta,65,0
2024-10-07,Salad,53,0
2024-10-07,Sandwich,92,0
2024-10-07,Rice Bowl,77,0
2024-10-07,Noodles,55,0
2024-10-07,Soup,40,0
2024-10-08,Pizza,79,0
2024-10-08,Burger,80,0
2024-10-08,Pasta,55,0
2024-10-08,Salad,55,0
2024-10-08,Sandwich,91,0
2024-10-08,Rice Bowl,91,0
2024-10-08,Noodles,82,0
2024-10-08,Soup,39,0
2024-10-09,Pizza,80,0
2024-10-09,Burger,97,0
2024-10-09,Pasta,64,0
2024-10-09,Salad,48,0
2024-10-09,Sandwich,99,0
2024-10-09,Rice Bowl,88,0
2024-10-09,Noodles,86,0
2024-10-09,Soup,39,0
2024-10-10,Pizza,87,0
2024-10-10,Burger,110,0
2024-10-10,Pasta,76,0
2024-10-10,Salad,56,0
2024-10-10,Sandwich,84,0
2024-10-10,Rice Bowl,89,0
2024-10-10,Noodles,66,0
2024-10-10,Soup,40,0
2024-10-11,Pizza,91,0
2024-10-11,Burger,122,0
2024-10-11,Pasta,95,0
2024-10-11,Salad,59,0
2024-10-11,Sandwich,113,0
2024-10-11,Rice Bowl,97,0
2024-10-11,Noodles,90,0
2024-10-11,Soup,38,0
2024-10-12,Pizza,121,0
2024-10-12,Burger,159,0
2024-10-12,Pasta,116,0
2024-10-12,Salad,69,0
2024-10-12,Sandwich,130,0
2024-10-12,Rice Bowl,130,0
2024-10-12,Noodles,150,0
2024-10-12,Soup,63,0
2024-10-13,Pizza,123,0
2024-10-13,Burger,137,0
2024-10-13,Pasta,114,0
2024-10-13,Salad,71,0
2024-10-13,Sandwich,123,0
2024-10-13,Rice Bowl,133,0
2024-10-13,Noodles,93,0
2024-10-13,Soup,50,0
2024-10-14,Pizza,63,0
2024-10-14,Burger,73,0
2024-10-14,Pasta,53,0
2024-10-14,Salad,42,0
2024-10-14,Sandwich,90,0
2024-10-14,Rice Bowl,78,0
2024-10-14,Noodles,67,0
2024-10-14,Soup,33,0
2024-10-15,Pizza,89,0
2024-10-15,Burger,91,0
2024-10-15,Pasta,55,0
2024-10-15,Salad,49,0
2024-10-15,Sandwich,72,0
2024-10-15,Rice Bowl,75,0
2024-10-15,Noodles,71,0
2024-10-15,Soup,43,0
2024-10-16,Pizza,79,0
2024-10-16,Burger,108,0
2024-10-16,Pasta,83,0
2024-10-16,Salad,42,0
2024-10-16,Sandwich,81,0
2024-10-16,Rice Bowl,81,0
2024-10-16,Noodles,72,0
2024-10-16,Soup,38,0
2024-10-17,Pizza,97,0
2024-10-17,Burger,113,0
2024-10-17,Pasta,76,0
2024-10-17,Salad,48,0
2024-10-17,Sandwich,106,0
2024-10-17,Rice Bowl,105,0
2024-10-17,Noodles,88,0
2024-10-17,Soup,33,0
2024-10-18,Pizza,97,0
2024-10-18,Burger,94,0
2024-10-18,Pasta,72,0
2024-10-18,Salad,47,0
2024-10-18,Sandwich,107,0
2024-10-18,Rice Bowl,105,0
2024-10-18,Noodles,72,0
2024-10-18,Soup,43,0
2024-10-19,Pizza,132,0
2024-10-19,Burger,160,0
2024-10-19,Pasta,100,0
2024-10-19,Salad,81,0
2024-10-19,Sandwich,167,0
2024-10-19,Rice Bowl,119,0
2024-10-19,Noodles,105,0
2024-10-19,Soup,63,0
2024-10-20,Pizza,146,0
2024-10-20,Burger,166,0
2024-10-20,Pasta,117,0
2024-10-20,Salad,73,0
2024-10-20,Sandwich,145,0
2024-10-20,Rice Bowl,106,0
2024-10-20,Noodles,123,0
2024-10-20,Soup,72,0
2024-10-21,Pizza,75,0
2024-10-21,Burger,103,0
2024-10-21,Pasta,68,0
2024-10-21,Salad,38,0
2024-10-21,Sandwich,94,0
2024-10-21,Rice Bowl,63,0
2024-10-21,Noodles,68,0
2024-10-21,Soup,30,0
2024-10-22,Pizza,61,0
2024-10-22,Burger,92,0
2024-10-22,Pasta,61,0
2024-10-22,Salad,47,0
2024-10-22,Sandwich,88,0
2024-10-22,Rice Bowl,66,0
2024-10-22,Noodles,60,0
2024-10-22,Soup,38,0
2024-10-23,Pizza,74,0
2024-10-23,Burger,109,0
2024-10-23,Pasta,74,0
2024-10-23,Salad,56,0
2024-10-23,Sandwich,96,0
2024-10-23,Rice Bowl,82,0
2024-10-23,Noodles,80,0
2024-10-23,Soup,36,0
2024-10-24,Pizza,77,0
2024-10-24,Burger,117,0
2024-10-24,Pasta,71,0
2024-10-24,Salad,58,0
2024-10-24,Sandwich,106,0
2024-10-24,Rice Bowl,102,0
2024-10-24,Noodles,91,0
2024-10-24,Soup,40,0
2024-10-25,Pizza,85,0
2024-10-25,Burger,118,0
2024-10-25,Pasta,76,0
2024-10-25,Salad,59,0
2024-10-25,Sandwich,112,0
2024-10-25,Rice Bowl,105,0
2024-10-25,Noodles,81,0
2024-10-25,Soup,39,0
2024-10-26,Pizza,131,0
2024-10-26,Burger,144,0
2024-10-26,Pasta,136,0
2024-10-26,Salad,79,0
2024-10-26,Sandwich,131,0
2024-10-26,Rice Bowl,116,0
2024-10-26,Noodles,134,0
2024-10-26,Soup,71,0
2024-10-27,Pizza,116,0
2024-10-27,Burger,129,0
2024-10-27,Pasta,105,0
2024-10-27,Salad,72,0
2024-10-27,Sandwich,150,0
2024-10-27,Rice Bowl,138,0
2024-10-27,Noodles,110,0
2024-10-27,Soup,55,0
2024-10-28,Pizza,86,0
2024-10-28,Burger,88,0
2024-10-28,Pasta,67,0
2024-10-28,Salad,38,0
2024-10-28,Sandwich,80,0
2024-10-28,Rice Bowl,62,0
2024-10-28,Noodles,67,0
2024-10-28,Soup,42,0
2024-10-29,Pizza,72,0
2024-10-29,Burger,77,0
2024-10-29,Pasta,54,0
2024-10-29,Salad,45,0
2024-10-29,Sandwich,73,0
2024-10-29,Rice Bowl,65,0
2024-10-29,Noodles,78,0
2024-10-29,Soup,37,0
2024-10-30,Pizza,73,0
2024-10-30,Burger,116,0
2024-10-30,Pasta,59,0
2024-10-30,Salad,59,0
2024-10-30,Sandwich,83,0
2024-10-30,Rice Bowl,98,0
2024-10-30,Noodles,78,0
2024-10-30,Soup,45,0
2024-10-31,Pizza,100,0
2024-10-31,Burger,96,0
2024-10-31,Pasta,87,0
2024-10-31,Salad,50,0
2024-10-31,Sandwich,90,0
2024-10-31,Rice Bowl,83,0
2024-10-31,Noodles,80,0
2024-10-31,Soup,36,0
2024-11-01,Pizza,93,0
2024-11-01,Burger,116,0
2024-11-01,Pasta,88,0
2024-11-01,Salad,65,0
2024-11-01,Sandwich,101,0
2024-11-01,Rice Bowl,90,0
2024-11-01,Noodles,77,0
2024-11-01,Soup,40,0
2024-11-02,Pizza,111,0
2024-11-02,Burger,158,0
2024-11-02,Pasta,107,0
2024-11-02,Salad,100,0
2024-11-02,Sandwich,155,0
2024-11-02,Rice Bowl,134,0
2024-11-02,Noodles,130,0
2024-11-02,Soup,57,0
2024-11-03,Pizza,122,0
2024-11-03,Burger,163,0
2024-11-03,Pasta,108,0
2024-11-03,Salad,74,0
2024-11-03,Sandwich,168,0
2024-11-03,Rice Bowl,152,0
2024-11-03,Noodles,122,0
2024-11-03,Soup,64,0
2024-11-04,Pizza,75,0
2024-11-04,Burger,79,0
2024-11-04,Pasta,60,0
2024-11-04,Salad,36,0
2024-11-04,Sandwich,80,0
2024-11-04,Rice Bowl,77,0
2024-11-04,Noodles,60,0
2024-11-04,Soup,42,0
2024-11-05,Pizza,88,0
2024-11-05,Burger,103,0
2024-11-05,Pasta,67,0
2024-11-05,Salad,54,0
2024-11-05,Sandwich,72,0
2024-11-05,Rice Bowl,90,0
2024-11-05,Noodles,60,0
2024-11-05,Soup,42,0
2024-11-06,Pizza,72,0
2024-11-06,Burger,115,0
2024-11-06,Pasta,82,0
2024-11-06,Salad,42,0
2024-11-06,Sandwich,88,0
2024-11-06,Rice Bowl,101,0
2024-11-06,Noodles,74,0
2024-11-06,Soup,45,0
2024-11-07,Pizza,86,0
2024-11-07,Burger,99,0
2024-11-07,Pasta,67,0
2024-11-07,Salad,46,0
2024-11-07,Sandwich,104,0
2024-11-07,Rice Bowl,85,0
2024-11-07,Noodles,79,0
2024-11-07,Soup,41,0
2024-11-08,Pizza,94,0
2024-11-08,Burger,131,0
2024-11-08,Pasta,95,0
2024-11-08,Salad,55,0
2024-11-08,Sandwich,117,0
2024-11-08,Rice Bowl,108,0
2024-11-08,Noodles,88,0
2024-11-08,Soup,54,0
2024-11-09,Pizza,119,0
2024-11-09,Burger,142,0
2024-11-09,Pasta,135,0
2024-11-09,Salad,82,0
2024-11-09,Sandwich,173,0
2024-11-09,Rice Bowl,166,0
2024-11-09,Noodles,104,0
2024-11-09,Soup,77,0
2024-11-10,Pizza,122,0
2024-11-10,Burger,156,0
2024-11-10,Pasta,114,0
2024-11-10,Salad,91,0
2024-11-10,Sandwich,113,0
2024-11-10,Rice Bowl,131,0
2024-11-10,Noodles,125,0
2024-11-10,Soup,67,0
2024-11-11,Pizza,77,0
2024-11-11,Burger,76,0
2024-11-11,Pasta,57,0
2024-11-11,Salad,42,0
2024-11-11,Sandwich,90,0
2024-11-11,Rice Bowl,69,0
2024-11-11,Noodles,59,0
2024-11-11,Soup,42,0
2024-11-12,Pizza,61,0
2024-11-12,Burger,113,0
2024-11-12,Pasta,71,0
2024-11-12,Salad,53,0
2024-11-12,Sandwich,78,0
2024-11-12,Rice Bowl,65,0
2024-11-12,Noodles,78,0
2024-11-12,Soup,43,0
2024-11-13,Pizza,87,0
2024-11-13,Burger,85,0
2024-11-13,Pasta,77,0
2024-11-13,Salad,55,0
2024-11-13,Sandwich,95,0
2024-11-13,Rice Bowl,94,0
2024-11-13,Noodles,85,0
2024-11-13,Soup,41,0
2024-11-14,Pizza,70,0
2024-11-14,Burger,104,0
2024-11-14,Pasta,61,0
2024-11-14,Salad,50,0
2024-11-14,Sandwich,90,0
2024-11-14,Rice Bowl,73,0
2024-11-14,Noodles,73,0
2024-11-14,Soup,35,0
2024-11-15,Pizza,103,0
2024-11-15,Burger,135,0
2024-11-15,Pasta,66,0
2024-11-15,Salad,67,0
2024-11-15,Sandwich,104,0
2024-11-15,Rice Bowl,89,0
2024-11-15,Noodles,71,0
2024-11-15,Soup,46,0
2024-11-16,Pizza,151,0
2024-11-16,Burger,182,0
2024-11-16,Pasta,97,0
2024-11-16,Salad,70,0
2024-11-16,Sandwich,146,0
2024-11-16,Rice Bowl,131,0
2024-11-16,Noodles,113,0
2024-11-16,Soup,61,0
2024-11-17,Pizza,139,0
2024-11-17,Burger,182,0
2024-11-17,Pasta,105,0
2024-11-17,Salad,90,0
2024-11-17,Sandwich,130,0
2024-11-17,Rice Bowl,131,0
2024-11-17,Noodles,104,0
2024-11-17,Soup,65,0
2024-11-18,Pizza,85,0
2024-11-18,Burger,93,0
2024-11-18,Pasta,59,0
2024-11-18,Salad,47,0
2024-11-18,Sandwich,68,0
2024-11-18,Rice Bowl,88,0
2024-11-18,Noodles,67,0
2024-11-18,Soup,35,0
2024-11-19,Pizza,78,0
2024-11-19,Burger,99,0
2024-11-19,Pasta,55,0
2024-11-19,Salad,50,0
2024-11-19,Sandwich,76,0
2024-11-19,Rice Bowl,87,0
2024-11-19,Noodles,80,0
2024-11-19,Soup,42,0
2024-11-20,Pizza,81,0
2024-11-20,Burger,100,0
2024-11-20,Pasta,60,0
2024-11-20,Salad,55,0
2024-11-20,Sandwich,81,0
2024-11-20,Rice Bowl,84,0
2024-11-20,Noodles,68,0
2024-11-20,Soup,34,0
2024-11-21,Pizza,88,0
2024-11-21,Burger,86,0
2024-11-21,Pasta,80,0
2024-11-21,Salad,48,0
2024-11-21,Sandwich,75,0
2024-11-21,Rice Bowl,89,0
2024-11-21,Noodles,64,0
2024-11-21,Soup,38,0
2024-11-22,Pizza,99,0
2024-11-22,Burger,94,0
2024-11-22,Pasta,91,0
2024-11-22,Salad,46,0
2024-11-22,Sandwich,93,0
2024-11-22,Rice Bowl,107,0
2024-11-22,Noodles,79,0
2024-11-22,Soup,38,0
2024-11-23,Pizza,127,0
2024-11-23,Burger,153,0
2024-11-23,Pasta,134,0
2024-11-23,Salad,78,0
2024-11-23,Sandwich,169,0
2024-11-23,Rice Bowl,166,0
2024-11-23,Noodles,123,0
2024-11-23,Soup,78,0
2024-11-24,Pizza,118,0
2024-11-24,Burger,184,0
2024-11-24,Pasta,91,0
2024-11-24,Salad,83,0
2024-11-24,Sandwich,140,0
2024-11-24,Rice Bowl,126,0
2024-11-24,Noodles,123,0
2024-11-24,Soup,67,0
2024-11-25,Pizza,57,0
2024-11-25,Burger,78,0
2024-11-25,Pasta,68,0
2024-11-25,Salad,47,0
2024-11-25,Sandwich,96,0
2024-11-25,Rice Bowl,84,0
2024-11-25,Noodles,79,0
2024-11-25,Soup,38,0
2024-11-26,Pizza,69,0
2024-11-26,Burger,80,0
2024-11-26,Pasta,73,0
2024-11-26,Salad,50,0
2024-11-26,Sandwich,70,0
2024-11-26,Rice Bowl,76,0
2024-11-26,Noodles,84,0
2024-11-26,Soup,38,0
2024-11-27,Pizza,77,0
2024-11-27,Burger,98,0
2024-11-27,Pasta,61,0
2024-11-27,Salad,47,0
2024-11-27,Sandwich,85,0
2024-11-27,Rice Bowl,69,0
2024-11-27,Noodles,83,0
2024-11-27,Soup,38,0
2024-11-28,Pizza,94,0
2024-11-28,Burger,119,0
2024-11-28,Pasta,65,0
2024-11-28,Salad,55,0
2024-11-28,Sandwich,93,0
2024-11-28,Rice Bowl,102,0
2024-11-28,Noodles,69,0
2024-11-28,Soup,44,0
2024-11-29,Pizza,95,0
2024-11-29,Burger,105,0
2024-11-29,Pasta,68,0
2024-11-29,Salad,60,0
2024-11-29,Sandwich,113,0
2024-11-29,Rice Bowl,90,0
2024-11-29,Noodles,91,0
2024-11-29,Soup,44,0
2024-11-30,Pizza,146,0
2024-11-30,Burger,148,0
2024-11-30,Pasta,136,0
2024-11-30,Salad,77,0
2024-11-30,Sandwich,144,0
2024-11-30,Rice Bowl,118,0
2024-11-30,Noodles,107,0
2024-11-30,Soup,68,0
2024-12-01,Pizza,113,0
2024-12-01,Burger,176,0
2024-12-01,Pasta,88,0
2024-12-01,Salad,74,0
2024-12-01,Sandwich,131,0
2024-12-01,Rice Bowl,107,0
2024-12-01,Noodles,99,0
2024-12-01,Soup,60,0
2024-12-02,Pizza,71,0
2024-12-02,Burger,86,0
2024-12-02,Pasta,63,0
2024-12-02,Salad,46,0
2024-12-02,Sandwich,65,0
2024-12-02,Rice Bowl,75,0
2024-12-02,Noodles,80,0
2024-12-02,Soup,36,0
2024-12-03,Pizza,81,0
2024-12-03,Burger,87,0
2024-12-03,Pasta,73,0
2024-12-03,Salad,52,0
2024-12-03,Sandwich,86,0
2024-12-03,Rice Bowl,96,0
2024-12-03,Noodles,60,0
2024-12-03,Soup,30,0
2024-12-04,Pizza,88,0
2024-12-04,Burger,112,0
2024-12-04,Pasta,59,0
2024-12-04,Salad,45,0
2024-12-04,Sandwich,72,0
2024-12-04,Rice Bowl,77,0
2024-12-04,Noodles,83,0
2024-12-04,Soup,40,0
2024-12-05,Pizza,78,0
2024-12-05,Burger,99,0
2024-12-05,Pasta,58,0
2024-12-05,Salad,48,0
2024-12-05,Sandwich,100,0
2024-12-05,Rice Bowl,106,0
2024-12-05,Noodles,89,0
2024-12-05,Soup,33,0
2024-12-06,Pizza,106,0
2024-12-06,Burger,128,0
2024-12-06,Pasta,89,0
2024-12-06,Salad,56,0
2024-12-06,Sandwich,99,0
2024-12-06,Rice Bowl,90,0
2024-12-06,Noodles,71,0
2024-12-06,Soup,40,0
2024-12-07,Pizza,121,0
2024-12-07,Burger,167,0
2024-12-07,Pasta,130,0
2024-12-07,Salad,83,0
2024-12-07,Sandwich,125,0
2024-12-07,Rice Bowl,169,0
2024-12-07,Noodles,149,0
2024-12-07,Soup,75,0
2024-12-08,Pizza,149,0
2024-12-08,Burger,158,0
2024-12-08,Pasta,129,0
2024-12-08,Salad,64,0
2024-12-08,Sandwich,132,0
2024-12-08,Rice Bowl,118,0
2024-12-08,Noodles,102,0
2024-12-08,Soup,53,0
2024-12-09,Pizza,75,0
2024-12-09,Burger,100,0
2024-12-09,Pasta,64,0
2024-12-09,Salad,38,0
2024-12-09,Sandwich,91,0
2024-12-09,Rice Bowl,80,0
2024-12-09,Noodles,64,0
2024-12-09,Soup,38,0
2024-12-10,Pizza,68,0
2024-12-10,Burger,89,0
2024-12-10,Pasta,77,0
2024-12-10,Salad,43,0
2024-12-10,Sandwich,84,0
2024-12-10,Rice Bowl,93,0
2024-12-10,Noodles,77,0
2024-12-10,Soup,31,0
2024-12-11,Pizza,68,0
2024-12-11,Burger,80,0
2024-12-11,Pasta,73,0
2024-12-11,Salad,48,0
2024-12-11,Sandwich,76,0
2024-12-11,Rice Bowl,100,0
2024-12-11,Noodles,75,0
2024-12-11,Soup,35,0
2024-12-12,Pizza,84,0
2024-12-12,Burger,112,0
2024-12-12,Pasta,61,0
2024-12-12,Salad,47,0
2024-12-12,Sandwich,106,0
2024-12-12,Rice Bowl,87,0
2024-12-12,Noodles,80,0
2024-12-12,Soup,40,0
2024-12-13,Pizza,75,0
2024-12-13,Burger,99,0
2024-12-13,Pasta,78,0
2024-12-13,Salad,50,0
2024-12-13,Sandwich,84,0
2024-12-13,Rice Bowl,111,0
2024-12-13,Noodles,102,0
2024-12-13,Soup,51,0
2024-12-14,Pizza,154,0
2024-12-14,Burger,151,0
2024-12-14,Pasta,140,0
2024-12-14,Salad,74,0
2024-12-14,Sandwich,179,0
2024-12-14,Rice Bowl,172,0
2024-12-14,Noodles,137,0
2024-12-14,Soup,80,0
2024-12-15,Pizza,128,0
2024-12-15,Burger,140,0
2024-12-15,Pasta,106,0
2024-12-15,Salad,80,0
2024-12-15,Sandwich,116,0
2024-12-15,Rice Bowl,139,0
2024-12-15,Noodles,139,0
2024-12-15,Soup,54,0
2024-12-16,Pizza,80,0
2024-12-16,Burger,104,0
2024-12-16,Pasta,74,0
2024-12-16,Salad,53,0
2024-12-16,Sandwich,81,0
2024-12-16,Rice Bowl,91,0
2024-12-16,Noodles,74,0
2024-12-16,Soup,31,0
2024-12-17,Pizza,75,0
2024-12-17,Burger,103,0
2024-12-17,Pasta,59,0
2024-12-17,Salad,50,0
2024-12-17,Sandwich,91,0
2024-12-17,Rice Bowl,69,0
2024-12-17,Noodles,73,0
2024-12-17,Soup,42,0
2024-12-18,Pizza,79,0
2024-12-18,Burger,80,0
2024-12-18,Pasta,56,0
2024-12-18,Salad,47,0
2024-12-18,Sandwich,105,0
2024-12-18,Rice Bowl,75,0
2024-12-18,Noodles,79,0
2024-12-18,Soup,35,0
2024-12-19,Pizza,78,0
2024-12-19,Burger,119,0
2024-12-19,Pasta,80,0
2024-12-19,Salad,44,0
2024-12-19,Sandwich,91,0
2024-12-19,Rice Bowl,72,0
2024-12-19,Noodles,78,0
2024-12-19,Soup,44,0
2024-12-20,Pizza,116,1
2024-12-20,Burger,157,1
2024-12-20,Pasta,115,1
2024-12-20,Salad,100,1
2024-12-20,Sandwich,185,1
2024-12-20,Rice Bowl,119,1
2024-12-20,Noodles,142,1
2024-12-20,Soup,65,1
2024-12-21,Pizza,194,1
2024-12-21,Burger,279,1
2024-12-21,Pasta,207,1
2024-12-21,Salad,149,1
2024-12-21,Sandwich,235,1
2024-12-21,Rice Bowl,203,1
2024-12-21,Noodles,211,1
2024-12-21,Soup,91,1
2024-12-22,Pizza,191,1
2024-12-22,Burger,220,1
2024-12-22,Pasta,174,1
2024-12-22,Salad,104,1
2024-12-22,Sandwich,184,1
2024-12-22,Rice Bowl,232,1
2024-12-22,Noodles,147,1
2024-12-22,Soup,93,1
2024-12-23,Pizza,95,1
2024-12-23,Burger,110,1
2024-12-23,Pasta,76,1
2024-12-23,Salad,58,1
2024-12-23,Sandwich,139,1
2024-12-23,Rice Bowl,104,1
2024-12-23,Noodles,119,1
2024-12-23,Soup,55,1
2024-12-24,Pizza,111,1
2024-12-24,Burger,147,1
2024-12-24,Pasta,100,1
2024-12-24,Salad,78,1
2024-12-24,Sandwich,117,1
2024-12-24,Rice Bowl,114,1
2024-12-24,Noodles,123,1
2024-12-24,Soup,67,1
2024-12-25,Pizza,138,1
2024-12-25,Burger,145,1
2024-12-25,Pasta,116,1
2024-12-25,Salad,74,1
2024-12-25,Sandwich,134,1
2024-12-25,Rice Bowl,112,1
2024-12-25,Noodles,116,1
2024-12-25,Soup,52,1
2024-12-26,Pizza,117,1
2024-12-26,Burger,179,1
2024-12-26,Pasta,97,1
2024-12-26,Salad,65,1
2024-12-26,Sandwich,117,1
2024-12-26,Rice Bowl,157,1
2024-12-26,Noodles,118,1
2024-12-26,Soup,60,1
2024-12-27,Pizza,155,1
2024-12-27,Burger,195,1
2024-12-27,Pasta,112,1
2024-12-27,Salad,92,1
2024-12-27,Sandwich,172,1
2024-12-27,Rice Bowl,155,1
2024-12-27,Noodles,111,1
2024-12-27,Soup,79,1
2024-12-28,Pizza,205,1
2024-12-28,Burger,231,1
2024-12-28,Pasta,172,1
2024-12-28,Salad,103,1
2024-12-28,Sandwich,194,1
2024-12-28,Rice Bowl,238,1
2024-12-28,Noodles,152,1
2024-12-28,Soup,98,1
2024-12-29,Pizza,188,1
2024-12-29,Burger,192,1
2024-12-29,Pasta,194,1
2024-12-29,Salad,104,1
2024-12-29,Sandwich,194,1
2024-12-29,Rice Bowl,183,1
2024-12-29,Noodles,156,1
2024-12-29,Soup,74,1
2024-12-30,Pizza,117,1
2024-12-30,Burger,160,1
2024-12-30,Pasta,84,1
2024-12-30,Salad,71,1
2024-12-30,Sandwich,133,1
2024-12-30,Rice Bowl,130,1
2024-12-30,Noodles,98,1
2024-12-30,Soup,49,1
2024-12-31,Pizza,106,1
2024-12-31,Burger,154,1
2024-12-31,Pasta,112,1
2024-12-31,Salad,62,1
2024-12-31,Sandwich,121,1
2024-12-31,Rice Bowl,140,1
2024-12-31,Noodles,119,1
2024-12-31,Soup,68,1
2025-01-01,Pizza,132,1
2025-01-01,Burger,143,1
2025-01-01,Pasta,108,1
2025-01-01,Salad,79,1
2025-01-01,Sandwich,112,1
2025-01-01,Rice Bowl,129,1
2025-01-01,Noodles,121,1
2025-01-01,Soup,52,1
2025-01-02,Pizza,140,1
2025-01-02,Burger,162,1
2025-01-02,Pasta,130,1
2025-01-02,Salad,64,1
2025-01-02,Sandwich,128,1
2025-01-02,Rice Bowl,139,1
2025-01-02,Noodles,108,1
2025-01-02,Soup,68,1
2025-01-03,Pizza,152,1
2025-01-03,Burger,145,1
2025-01-03,Pasta,121,1
2025-01-03,Salad,86,1
2025-01-03,Sandwich,147,1
2025-01-03,Rice Bowl,172,1
2025-01-03,Noodles,146,1
2025-01-03,Soup,74,1
2025-01-04,Pizza,220,1
2025-01-04,Burger,249,1
2025-01-04,Pasta,207,1
2025-01-04,Salad,136,1
2025-01-04,Sandwich,249,1
2025-01-04,Rice Bowl,246,1
2025-01-04,Noodles,172,1
2025-01-04,Soup,113,1
2025-01-05,Pizza,164,1
2025-01-05,Burger,219,1
2025-01-05,Pasta,153,1
2025-01-05,Salad,139,1
2025-01-05,Sandwich,240,1
2025-01-05,Rice Bowl,214,1
2025-01-05,Noodles,191,1
2025-01-05,Soup,95,1
2025-01-06,Pizza,84,0
2025-01-06,Burger,89,0
2025-01-06,Pasta,59,0
2025-01-06,Salad,38,0
2025-01-06,Sandwich,90,0
2025-01-06,Rice Bowl,83,0
2025-01-06,Noodles,64,0
2025-01-06,Soup,29,0
2025-01-07,Pizza,86,0
2025-01-07,Burger,76,0
2025-01-07,Pasta,71,0
2025-01-07,Salad,56,0
2025-01-07,Sandwich,83,0
2025-01-07,Rice Bowl,72,0
2025-01-07,Noodles,77,0
2025-01-07,Soup,42,0
2025-01-08,Pizza,81,0
2025-01-08,Burger,118,0
2025-01-08,Pasta,57,0
2025-01-08,Salad,50,0
2025-01-08,Sandwich,97,0
2025-01-08,Rice Bowl,97,0
2025-01-08,Noodles,65,0
2025-01-08,Soup,44,0
2025-01-09,Pizza,85,0
2025-01-09,Burger,100,0
2025-01-09,Pasta,62,0
2025-01-09,Salad,60,0
2025-01-09,Sandwich,81,0
2025-01-09,Rice Bowl,82,0
2025-01-09,Noodles,72,0
2025-01-09,Soup,48,0
2025-01-10,Pizza,98,0
2025-01-10,Burger,128,0
2025-01-10,Pasta,72,0
2025-01-10,Salad,60,0
2025-01-10,Sandwich,106,0
2025-01-10,Rice Bowl,110,0
2025-01-10,Noodles,100,0
2025-01-10,Soup,37,0
2025-01-11,Pizza,144,0
2025-01-11,Burger,138,0
2025-01-11,Pasta,120,0
2025-01-11,Salad,77,0
2025-01-11,Sandwich,140,0
2025-01-11,Rice Bowl,135,0
2025-01-11,Noodles,132,0
2025-01-11,Soup,63,0
2025-01-12,Pizza,136,0
2025-01-12,Burger,150,0
2025-01-12,Pasta,90,0
2025-01-12,Salad,86,0
2025-01-12,Sandwich,128,0
2025-01-12,Rice Bowl,129,0
2025-01-12,Noodles,125,0
2025-01-12,Soup,58,0
2025-01-13,Pizza,59,0
2025-01-13,Burger,85,0
2025-01-13,Pasta,74,0
2025-01-13,Salad,47,0
2025-01-13,Sandwich,86,0
2025-01-13,Rice Bowl,80,0
2025-01-13,Noodles,59,0
2025-01-13,Soup,34,0
2025-01-14,Pizza,83,0
2025-01-14,Burger,79,0
2025-01-14,Pasta,60,0
2025-01-14,Salad,43,0
2025-01-14,Sandwich,83,0
2025-01-14,Rice Bowl,96,0
2025-01-14,Noodles,58,0
2025-01-14,Soup,38,0
2025-01-15,Pizza,69,0
2025-01-15,Burger,118,0
2025-01-15,Pasta,59,0
2025-01-15,Salad,48,0
2025-01-15,Sandwich,98,0
2025-01-15,Rice Bowl,91,0
2025-01-15,Noodles,72,0
2025-01-15,Soup,37,0
2025-01-16,Pizza,80,0
2025-01-16,Burger,95,0
2025-01-16,Pasta,64,0
2025-01-16,Salad,52,0
2025-01-16,Sandwich,85,0
2025-01-16,Rice Bowl,81,0
2025-01-16,Noodles,83,0
2025-01-16,Soup,49,0
2025-01-17,Pizza,95,0
2025-01-17,Burger,95,0
2025-01-17,Pasta,66,0
2025-01-17,Salad,67,0
2025-01-17,Sandwich,95,0
2025-01-17,Rice Bowl,81,0
2025-01-17,Noodles,89,0
2025-01-17,Soup,48,0
2025-01-18,Pizza,143,0
2025-01-18,Burger,153,0
2025-01-18,Pasta,95,0
2025-01-18,Salad,100,0
2025-01-18,Sandwich,136,0
2025-01-18,Rice Bowl,153,0
2025-01-18,Noodles,137,0
2025-01-18,Soup,70,0
2025-01-19,Pizza,115,0
2025-01-19,Burger,141,0
2025-01-19,Pasta,113,0
2025-01-19,Salad,89,0
2025-01-19,Sandwich,165,0
2025-01-19,Rice Bowl,111,0
2025-01-19,Noodles,100,0
2025-01-19,Soup,73,0
2025-01-20,Pizza,78,0
2025-01-20,Burger,103,0
2025-01-20,Pasta,55,0
2025-01-20,Salad,46,0
2025-01-20,Sandwich,87,0
2025-01-20,Rice Bowl,82,0
2025-01-20,Noodles,65,0
2025-01-20,Soup,29,0
2025-01-21,Pizza,78,0
2025-01-21,Burger,85,0
2025-01-21,Pasta,65,0
2025-01-21,Salad,56,0
2025-01-21,Sandwich,82,0
2025-01-21,Rice Bowl,91,0
2025-01-21,Noodles,62,0
2025-01-21,Soup,40,0
2025-01-22,Pizza,95,0
2025-01-22,Burger,84,0
2025-01-22,Pasta,56,0
2025-01-22,Salad,48,0
2025-01-22,Sandwich,75,0
2025-01-22,Rice Bowl,93,0
2025-01-22,Noodles,87,0
2025-01-22,Soup,38,0
2025-01-23,Pizza,75,0
2025-01-23,Burger,102,0
2025-01-23,Pasta,80,0
2025-01-23,Salad,42,0
2025-01-23,Sandwich,97,0
2025-01-23,Rice Bowl,93,0
2025-01-23,Noodles,83,0
2025-01-23,Soup,37,0
2025-01-24,Pizza,99,0
2025-01-24,Burger,96,0
2025-01-24,Pasta,70,0
2025-01-24,Salad,66,0
2025-01-24,Sandwich,113,0
2025-01-24,Rice Bowl,78,0
2025-01-24,Noodles,77,0
2025-01-24,Soup,40,0
2025-01-25,Pizza,122,0
2025-01-25,Burger,151,0
2025-01-25,Pasta,97,0
2025-01-25,Salad,83,0
2025-01-25,Sandwich,166,0
2025-01-25,Rice Bowl,149,0
2025-01-25,Noodles,135,0
2025-01-25,Soup,56,0
2025-01-26,Pizza,147,0
2025-01-26,Burger,177,0
2025-01-26,Pasta,122,0
2025-01-26,Salad,88,0
2025-01-26,Sandwich,164,0
2025-01-26,Rice Bowl,134,0
2025-01-26,Noodles,102,0
2025-01-26,Soup,65,0
2025-01-27,Pizza,78,0
2025-01-27,Burger,98,0
2025-01-27,Pasta,63,0
2025-01-27,Salad,37,0
2025-01-27,Sandwich,76,0
2025-01-27,Rice Bowl,89,0
2025-01-27,Noodles,69,0
2025-01-27,Soup,36,0
2025-01-28,Pizza,68,0
2025-01-28,Burger,90,0
2025-01-28,Pasta,77,0
2025-01-28,Salad,50,0
2025-01-28,Sandwich,95,0
2025-01-28,Rice Bowl,79,0
2025-01-28,Noodles,74,0
2025-01-28,Soup,34,0
2025-01-29,Pizza,86,0
2025-01-29,Burger,97,0
2025-01-29,Pasta,68,0
2025-01-29,Salad,52,0
2025-01-29,Sandwich,105,0
2025-01-29,Rice Bowl,70,0
2025-01-29,Noodles,84,0
2025-01-29,Soup,36,0
2025-01-30,Pizza,82,0
2025-01-30,Burger,84,0
2025-01-30,Pasta,67,0
2025-01-30,Salad,52,0
2025-01-30,Sandwich,77,0
2025-01-30,Rice Bowl,88,0
2025-01-30,Noodles,92,0
2025-01-30,Soup,35,0
2025-01-31,Pizza,101,0
2025-01-31,Burger,110,0
2025-01-31,Pasta,85,0
2025-01-31,Salad,51,0
2025-01-31,Sandwich,89,0
2025-01-31,Rice Bowl,84,0
2025-01-31,Noodles,71,0
2025-01-31,Soup,40,0
2025-02-01,Pizza,144,0
2025-02-01,Burger,194,0
2025-02-01,Pasta,133,0
2025-02-01,Salad,90,0
2025-02-01,Sandwich,128,0
2025-02-01,Rice Bowl,131,0
2025-02-01,Noodles,117,0
2025-02-01,Soup,60,0
2025-02-02,Pizza,125,0
2025-02-02,Burger,158,0
2025-02-02,Pasta,102,0
2025-02-02,Salad,73,0
2025-02-02,Sandwich,158,0
2025-02-02,Rice Bowl,147,0
2025-02-02,Noodles,108,0
2025-02-02,Soup,72,0
2025-02-03,Pizza,85,0
2025-02-03,Burger,83,0
2025-02-03,Pasta,59,0
2025-02-03,Salad,45,0
2025-02-03,Sandwich,95,0
2025-02-03,Rice Bowl,88,0
2025-02-03,Noodles,56,0
2025-02-03,Soup,34,0
2025-02-04,Pizza,77,0
2025-02-04,Burger,95,0
2025-02-04,Pasta,58,0
2025-02-04,Salad,54,0
2025-02-04,Sandwich,91,0
2025-02-04,Rice Bowl,91,0
2025-02-04,Noodles,81,0
2025-02-04,Soup,41,0
2025-02-05,Pizza,78,0
2025-02-05,Burger,104,0
2025-02-05,Pasta,60,0
2025-02-05,Salad,53,0
2025-02-05,Sandwich,78,0
2025-02-05,Rice Bowl,91,0
2025-02-05,Noodles,66,0
2025-02-05,Soup,33,0
2025-02-06,Pizza,72,0
2025-02-06,Burger,84,0
2025-02-06,Pasta,79,0
2025-02-06,Salad,57,0
2025-02-06,Sandwich,95,0
2025-02-06,Rice Bowl,77,0
2025-02-06,Noodles,65,0
2025-02-06,Soup,33,0
2025-02-07,Pizza,79,0
2025-02-07,Burger,132,0
2025-02-07,Pasta,72,0
2025-02-07,Salad,54,0
2025-02-07,Sandwich,87,0
2025-02-07,Rice Bowl,86,0
2025-02-07,Noodles,86,0
2025-02-07,Soup,47,0
2025-02-08,Pizza,121,0
2025-02-08,Burger,139,0
2025-02-08,Pasta,113,0
2025-02-08,Salad,75,0
2025-02-08,Sandwich,135,0
2025-02-08,Rice Bowl,170,0
2025-02-08,Noodles,132,0
2025-02-08,Soup,69,0
2025-02-09,Pizza,120,0
2025-02-09,Burger,151,0
2025-02-09,Pasta,110,0
2025-02-09,Salad,84,0
2025-02-09,Sandwich,151,0
2025-02-09,Rice Bowl,115,0
2025-02-09,Noodles,117,0
2025-02-09,Soup,60,0
2025-02-10,Pizza,82,0
2025-02-10,Burger,94,0
2025-02-10,Pasta,63,0
2025-02-10,Salad,38,0
2025-02-10,Sandwich,84,0
2025-02-10,Rice Bowl,64,0
2025-02-10,Noodles,63,0
2025-02-10,Soup,30,0
2025-02-11,Pizza,81,0
2025-02-11,Burger,83,0
2025-02-11,Pasta,63,0
2025-02-11,Salad,55,0
2025-02-11,Sandwich,75,0
2025-02-11,Rice Bowl,81,0
2025-02-11,Noodles,68,0
2025-02-11,Soup,30,0
2025-02-12,Pizza,89,0
2025-02-12,Burger,82,0
2025-02-12,Pasta,69,0
2025-02-12,Salad,51,0
2025-02-12,Sandwich,94,0
2025-02-12,Rice Bowl,91,0
2025-02-12,Noodles,67,0
2025-02-12,Soup,32,0
2025-02-13,Pizza,91,0
2025-02-13,Burger,106,0
2025-02-13,Pasta,83,0
2025-02-13,Salad,59,0
2025-02-13,Sandwich,107,0
2025-02-13,Rice Bowl,88,0
2025-02-13,Noodles,73,0
2025-02-13,Soup,46,0
2025-02-14,Pizza,90,0
2025-02-14,Burger,100,0
2025-02-14,Pasta,91,0
2025-02-14,Salad,66,0
2025-02-14,Sandwich,102,0
2025-02-14,Rice Bowl,81,0
2025-02-14,Noodles,82,0
2025-02-14,Soup,51,0
2025-02-15,Pizza,156,0
2025-02-15,Burger,148,0
2025-02-15,Pasta,97,0
2025-02-15,Salad,97,0
2025-02-15,Sandwich,145,0
2025-02-15,Rice Bowl,146,0
2025-02-15,Noodles,150,0
2025-02-15,Soup,55,0
2025-02-16,Pizza,132,0
2025-02-16,Burger,129,0
2025-02-16,Pasta,103,0
2025-02-16,Salad,87,0
2025-02-16,Sandwich,136,0
2025-02-16,Rice Bowl,158,0
2025-02-16,Noodles,119,0
2025-02-16,Soup,57,0
2025-02-17,Pizza,63,0
2025-02-17,Burger,84,0
2025-02-17,Pasta,59,0
2025-02-17,Salad,37,0
2025-02-17,Sandwich,76,0
2025-02-17,Rice Bowl,75,0
2025-02-17,Noodles,73,0
2025-02-17,Soup,38,0
2025-02-18,Pizza,82,0
2025-02-18,Burger,76,0
2025-02-18,Pasta,58,0
2025-02-18,Salad,50,0
2025-02-18,Sandwich,84,0
2025-02-18,Rice Bowl,64,0
2025-02-18,Noodles,79,0
2025-02-18,Soup,42,0
2025-02-19,Pizza,81,0
2025-02-19,Burger,82,0
2025-02-19,Pasta,77,0
2025-02-19,Salad,51,0
2025-02-19,Sandwich,100,0
2025-02-19,Rice Bowl,93,0
2025-02-19,Noodles,84,0
2025-02-19,Soup,40,0
2025-02-20,Pizza,71,0
2025-02-20,Burger,112,0
2025-02-20,Pasta,77,0
2025-02-20,Salad,57,0
2025-02-20,Sandwich,82,0
2025-02-20,Rice Bowl,78,0
2025-02-20,Noodles,91,0
2025-02-20,Soup,46,0
2025-02-21,Pizza,107,0
2025-02-21,Burger,126,0
2025-02-21,Pasta,83,0
2025-02-21,Salad,61,0
2025-02-21,Sandwich,119,0
2025-02-21,Rice Bowl,100,0
2025-02-21,Noodles,90,0
2025-02-21,Soup,39,0
2025-02-22,Pizza,133,0
2025-02-22,Burger,183,0
2025-02-22,Pasta,107,0
2025-02-22,Salad,74,0
2025-02-22,Sandwich,140,0
2025-02-22,Rice Bowl,128,0
2025-02-22,Noodles,112,0
2025-02-22,Soup,65,0
2025-02-23,Pizza,145,0
2025-02-23,Burger,156,0
2025-02-23,Pasta,95,0
2025-02-23,Salad,64,0
2025-02-23,Sandwich,151,0
2025-02-23,Rice Bowl,126,0
2025-02-23,Noodles,132,0
2025-02-23,Soup,66,0
2025-02-24,Pizza,80,0
2025-02-24,Burger,81,0
2025-02-24,Pasta,67,0
2025-02-24,Salad,40,0
2025-02-24,Sandwich,95,0
2025-02-24,Rice Bowl,80,0
2025-02-24,Noodles,62,0
2025-02-24,Soup,32,0
2025-02-25,Pizza,66,0
2025-02-25,Burger,102,0
2025-02-25,Pasta,59,0
2025-02-25,Salad,49,0
2025-02-25,Sandwich,77,0
2025-02-25,Rice Bowl,85,0
2025-02-25,Noodles,80,0
2025-02-25,Soup,42,0
2025-02-26,Pizza,88,0
2025-02-26,Burger,87,0
2025-02-26,Pasta,58,0
2025-02-26,Salad,53,0
2025-02-26,Sandwich,85,0
2025-02-26,Rice Bowl,82,0
2025-02-26,Noodles,60,0
2025-02-26,Soup,36,0
2025-02-27,Pizza,68,0
2025-02-27,Burger,120,0
2025-02-27,Pasta,65,0
2025-02-27,Salad,53,0
2025-02-27,Sandwich,77,0
2025-02-27,Rice Bowl,95,0
2025-02-27,Noodles,73,0
2025-02-27,Soup,48,0
2025-02-28,Pizza,106,0
2025-02-28,Burger,106,0
2025-02-28,Pasta,93,0
2025-02-28,Salad,68,0
2025-02-28,Sandwich,116,0
2025-02-28,Rice Bowl,111,0
2025-02-28,Noodles,77,0
2025-02-28,Soup,47,0
2025-03-01,Pizza,111,0
2025-03-01,Burger,141,0
2025-03-01,Pasta,141,0
2025-03-01,Salad,78,0
2025-03-01,Sandwich,167,0
2025-03-01,Rice Bowl,161,0
2025-03-01,Noodles,144,0
2025-03-01,Soup,81,0
2025-03-02,Pizza,111,0
2025-03-02,Burger,127,0
2025-03-02,Pasta,105,0
2025-03-02,Salad,66,0
2025-03-02,Sandwich,113,0
2025-03-02,Rice Bowl,125,0
2025-03-02,Noodles,130,0
2025-03-02,Soup,64,0
2025-03-03,Pizza,66,0
2025-03-03,Burger,95,0
2025-03-03,Pasta,56,0
2025-03-03,Salad,36,0
2025-03-03,Sandwich,89,0
2025-03-03,Rice Bowl,80,0
2025-03-03,Noodles,74,0
2025-03-03,Soup,29,0
2025-03-04,Pizza,86,0
2025-03-04,Burger,99,0
2025-03-04,Pasta,68,0
2025-03-04,Salad,49,0
2025-03-04,Sandwich,97,0
2025-03-04,Rice Bowl,83,0
2025-03-04,Noodles,73,0
2025-03-04,Soup,45,0
2025-03-05,Pizza,88,0
2025-03-05,Burger,97,0
2025-03-05,Pasta,75,0
2025-03-05,Salad,47,0
2025-03-05,Sandwich,80,0
2025-03-05,Rice Bowl,88,0
2025-03-05,Noodles,87,0
2025-03-05,Soup,46,0
2025-03-06,Pizza,78,0
2025-03-06,Burger,106,0
2025-03-06,Pasta,65,0
2025-03-06,Salad,62,0
2025-03-06,Sandwich,112,0
2025-03-06,Rice Bowl,94,0
2025-03-06,Noodles,88,0
2025-03-06,Soup,45,0
2025-03-07,Pizza,95,0
2025-03-07,Burger,94,0
2025-03-07,Pasta,79,0
2025-03-07,Salad,61,0
2025-03-07,Sandwich,110,0
2025-03-07,Rice Bowl,92,0
2025-03-07,Noodles,101,0
2025-03-07,Soup,39,0
2025-03-08,Pizza,135,0
2025-03-08,Burger,181,0
2025-03-08,Pasta,127,0
2025-03-08,Salad,89,0
2025-03-08,Sandwich,138,0
2025-03-08,Rice Bowl,123,0
2025-03-08,Noodles,133,0
2025-03-08,Soup,70,0
2025-03-09,Pizza,108,0
2025-03-09,Burger,168,0
2025-03-09,Pasta,107,0
2025-03-09,Salad,83,0
2025-03-09,Sandwich,159,0
2025-03-09,Rice Bowl,115,0
2025-03-09,Noodles,94,0
2025-03-09,Soup,69,0
2025-03-10,Pizza,75,0
2025-03-10,Burger,97,0
2025-03-10,Pasta,71,0
2025-03-10,Salad,50,0
2025-03-10,Sandwich,95,0
2025-03-10,Rice Bowl,77,0
2025-03-10,Noodles,67,0
2025-03-10,Soup,34,0
2025-03-11,Pizza,65,0
2025-03-11,Burger,97,0
2025-03-11,Pasta,60,0
2025-03-11,Salad,55,0
2025-03-11,Sandwich,88,0
2025-03-11,Rice Bowl,83,0
2025-03-11,Noodles,67,0
2025-03-11,Soup,31,0
2025-03-12,Pizza,65,0
2025-03-12,Burger,96,0
2025-03-12,Pasta,58,0
2025-03-12,Salad,52,0
2025-03-12,Sandwich,103,0
2025-03-12,Rice Bowl,98,0
2025-03-12,Noodles,79,0
2025-03-12,Soup,35,0
2025-03-13,Pizza,96,0
2025-03-13,Burger,121,0
2025-03-13,Pasta,64,0
2025-03-13,Salad,57,0
2025-03-13,Sandwich,86,0
2025-03-13,Rice Bowl,100,0
2025-03-13,Noodles,94,0
2025-03-13,Soup,34,0
2025-03-14,Pizza,106,0
2025-03-14,Burger,120,0
2025-03-14,Pasta,95,0
2025-03-14,Salad,56,0
2025-03-14,Sandwich,117,0
2025-03-14,Rice Bowl,80,0
2025-03-14,Noodles,80,0
2025-03-14,Soup,38,0
2025-03-15,Pizza,160,0
2025-03-15,Burger,190,0
2025-03-15,Pasta,134,0
2025-03-15,Salad,99,0
2025-03-15,Sandwich,126,0
2025-03-15,Rice Bowl,137,0
2025-03-15,Noodles,105,0
2025-03-15,Soup,59,0
2025-03-16,Pizza,111,0
2025-03-16,Burger,154,0
2025-03-16,Pasta,99,0
2025-03-16,Salad,65,0
2025-03-16,Sandwich,121,0
2025-03-16,Rice Bowl,113,0
2025-03-16,Noodles,139,0
2025-03-16,Soup,68,0
2025-03-17,Pizza,85,0
2025-03-17,Burger,87,0
2025-03-17,Pasta,57,0
2025-03-17,Salad,50,0
2025-03-17,Sandwich,75,0
2025-03-17,Rice Bowl,70,0
2025-03-17,Noodles,60,0
2025-03-17,Soup,30,0
2025-03-18,Pizza,68,0
2025-03-18,Burger,89,0
2025-03-18,Pasta,71,0
2025-03-18,Salad,39,0
2025-03-18,Sandwich,75,0
2025-03-18,Rice Bowl,90,0
2025-03-18,Noodles,61,0
2025-03-18,Soup,35,0
2025-03-19,Pizza,91,0
2025-03-19,Burger,86,0
2025-03-19,Pasta,58,0
2025-03-19,Salad,49,0
2025-03-19,Sandwich,82,0
2025-03-19,Rice Bowl,87,0
2025-03-19,Noodles,84,0
2025-03-19,Soup,34,0
2025-03-20,Pizza,86,0
2025-03-20,Burger,105,0
2025-03-20,Pasta,63,0
2025-03-20,Salad,55,0
2025-03-20,Sandwich,85,0
2025-03-20,Rice Bowl,88,0
2025-03-20,Noodles,65,0
2025-03-20,Soup,41,0
2025-03-21,Pizza,84,0
2025-03-21,Burger,129,0
2025-03-21,Pasta,66,0
2025-03-21,Salad,55,0
2025-03-21,Sandwich,101,0
2025-03-21,Rice Bowl,106,0
2025-03-21,Noodles,88,0
2025-03-21,Soup,49,0
2025-03-22,Pizza,150,0
2025-03-22,Burger,193,0
2025-03-22,Pasta,109,0
2025-03-22,Salad,85,0
2025-03-22,Sandwich,172,0
2025-03-22,Rice Bowl,171,0
2025-03-22,Noodles,146,0
2025-03-22,Soup,64,0
2025-03-23,Pizza,109,0
2025-03-23,Burger,155,0
2025-03-23,Pasta,119,0
2025-03-23,Salad,77,0
2025-03-23,Sandwich,139,0
2025-03-23,Rice Bowl,150,0
2025-03-23,Noodles,110,0
2025-03-23,Soup,71,0
2025-03-24,Pizza,69,0
2025-03-24,Burger,83,0
2025-03-24,Pasta,61,0
2025-03-24,Salad,49,0
2025-03-24,Sandwich,68,0
2025-03-24,Rice Bowl,67,0
2025-03-24,Noodles,79,0
2025-03-24,Soup,31,0
2025-03-25,Pizza,78,0
2025-03-25,Burger,98,0
2025-03-25,Pasta,66,0
2025-03-25,Salad,50,0
2025-03-25,Sandwich,76,0
2025-03-25,Rice Bowl,82,0
2025-03-25,Noodles,67,0
2025-03-25,Soup,40,0
2025-03-26,Pizza,68,0
2025-03-26,Burger,102,0
2025-03-26,Pasta,61,0
2025-03-26,Salad,45,0
2025-03-26,Sandwich,79,0
2025-03-26,Rice Bowl,74,0
2025-03-26,Noodles,84,0
2025-03-26,Soup,36,0
2025-03-27,Pizza,98,0
2025-03-27,Burger,124,0
2025-03-27,Pasta,75,0
2025-03-27,Salad,45,0
2025-03-27,Sandwich,89,0
2025-03-27,Rice Bowl,99,0
2025-03-27,Noodles,74,0
2025-03-27,Soup,35,0
2025-03-28,Pizza,94,0
2025-03-28,Burger,130,0
2025-03-28,Pasta,90,0
2025-03-28,Salad,50,0
2025-03-28,Sandwich,110,0
2025-03-28,Rice Bowl,86,0
2025-03-28,Noodles,76,0
2025-03-28,Soup,52,0
2025-03-29,Pizza,121,0
2025-03-29,Burger,152,0
2025-03-29,Pasta,94,0
2025-03-29,Salad,97,0
2025-03-29,Sandwich,169,0
2025-03-29,Rice Bowl,150,0
2025-03-29,Noodles,139,0
2025-03-29,Soup,58,0
2025-03-30,Pizza,122,0
2025-03-30,Burger,146,0
2025-03-30,Pasta,91,0
2025-03-30,Salad,77,0
2025-03-30,Sandwich,164,0
2025-03-30,Rice Bowl,108,0
2025-03-30,Noodles,107,0
2025-03-30,Soup,55,0
2025-03-31,Pizza,64,0
2025-03-31,Burger,104,0
2025-03-31,Pasta,62,0
2025-03-31,Salad,44,0
2025-03-31,Sandwich,89,0
2025-03-31,Rice Bowl,65,0
2025-03-31,Noodles,67,0
2025-03-31,Soup,34,0
2025-04-01,Pizza,78,0
2025-04-01,Burger,113,0
2025-04-01,Pasta,73,0
2025-04-01,Salad,45,0
2025-04-01,Sandwich,96,0
2025-04-01,Rice Bowl,70,0
2025-04-01,Noodles,57,0
2025-04-01,Soup,33,0
2025-04-02,Pizza,74,0
2025-04-02,Burger,100,0
2025-04-02,Pasta,73,0
2025-04-02,Salad,58,0
2025-04-02,Sandwich,90,0
2025-04-02,Rice Bowl,85,0
2025-04-02,Noodles,61,0
2025-04-02,Soup,32,0
2025-04-03,Pizza,85,0
2025-04-03,Burger,102,0
2025-04-03,Pasta,83,0
2025-04-03,Salad,45,0
2025-04-03,Sandwich,76,0
2025-04-03,Rice Bowl,87,0
2025-04-03,Noodles,70,0
2025-04-03,Soup,34,0
2025-04-04,Pizza,100,0
2025-04-04,Burger,97,0
2025-04-04,Pasta,83,0
2025-04-04,Salad,52,0
2025-04-04,Sandwich,89,0
2025-04-04,Rice Bowl,93,0
2025-04-04,Noodles,96,0
2025-04-04,Soup,44,0
2025-04-05,Pizza,148,0
2025-04-05,Burger,143,0
2025-04-05,Pasta,131,0
2025-04-05,Salad,75,0
2025-04-05,Sandwich,162,0
2025-04-05,Rice Bowl,147,0
2025-04-05,Noodles,148,0
2025-04-05,Soup,64,0
2025-04-06,Pizza,103,0
2025-04-06,Burger,125,0
2025-04-06,Pasta,123,0
2025-04-06,Salad,78,0
2025-04-06,Sandwich,155,0
2025-04-06,Rice Bowl,118,0
2025-04-06,Noodles,109,0
2025-04-06,Soup,50,0
2025-04-07,Pizza,85,0
2025-04-07,Burger,96,0
2025-04-07,Pasta,73,0
2025-04-07,Salad,40,0
2025-04-07,Sandwich,84,0
2025-04-07,Rice Bowl,81,0
2025-04-07,Noodles,62,0
2025-04-07,Soup,41,0
2025-04-08,Pizza,89,0
2025-04-08,Burger,109,0
2025-04-08,Pasta,72,0
2025-04-08,Salad,43,0
2025-04-08,Sandwich,78,0
2025-04-08,Rice Bowl,95,0
2025-04-08,Noodles,57,0
2025-04-08,Soup,41,0
2025-04-09,Pizza,86,0
2025-04-09,Burger,104,0
2025-04-09,Pasta,83,0
2025-04-09,Salad,46,0
2025-04-09,Sandwich,84,0
2025-04-09,Rice Bowl,70,0
2025-04-09,Noodles,73,0
2025-04-09,Soup,36,0
2025-04-10,Pizza,78,0
2025-04-10,Burger,119,0
2025-04-10,Pasta,86,0
2025-04-10,Salad,45,0
2025-04-10,Sandwich,89,0
2025-04-10,Rice Bowl,104,0
2025-04-10,Noodles,64,0
2025-04-10,Soup,35,0
2025-04-11,Pizza,79,0
2025-04-11,Burger,119,0
2025-04-11,Pasta,69,0
2025-04-11,Salad,68,0
2025-04-11,Sandwich,101,0
2025-04-11,Rice Bowl,97,0
2025-04-11,Noodles,77,0
2025-04-11,Soup,45,0
2025-04-12,Pizza,143,0
2025-04-12,Burger,185,0
2025-04-12,Pasta,130,0
2025-04-12,Salad,87,0
2025-04-12,Sandwich,176,0
2025-04-12,Rice Bowl,161,0
2025-04-12,Noodles,139,0
2025-04-12,Soup,55,0
2025-04-13,Pizza,100,0
2025-04-13,Burger,138,0
2025-04-13,Pasta,116,0
2025-04-13,Salad,75,0
2025-04-13,Sandwich,134,0
2025-04-13,Rice Bowl,152,0
2025-04-13,Noodles,135,0
2025-04-13,Soup,72,0
2025-04-14,Pizza,66,0
2025-04-14,Burger,96,0
2025-04-14,Pasta,57,0
2025-04-14,Salad,39,0
2025-04-14,Sandwich,70,0
2025-04-14,Rice Bowl,71,0
2025-04-14,Noodles,65,0
2025-04-14,Soup,40,0
2025-04-15,Pizza,64,0
2025-04-15,Burger,103,0
2025-04-15,Pasta,67,0
2025-04-15,Salad,43,0
2025-04-15,Sandwich,85,0
2025-04-15,Rice Bowl,74,0
2025-04-15,Noodles,73,0
2025-04-15,Soup,36,0
2025-04-16,Pizza,69,0
2025-04-16,Burger,84,0
2025-04-16,Pasta,71,0
2025-04-16,Salad,58,0
2025-04-16,Sandwich,84,0
2025-04-16,Rice Bowl,92,0
2025-04-16,Noodles,79,0
2025-04-16,Soup,46,0
2025-04-17,Pizza,94,0
2025-04-17,Burger,107,0
2025-04-17,Pasta,78,0
2025-04-17,Salad,60,0
2025-04-17,Sandwich,90,0
2025-04-17,Rice Bowl,83,0
2025-04-17,Noodles,63,0
2025-04-17,Soup,47,0
2025-04-18,Pizza,103,0
2025-04-18,Burger,96,0
2025-04-18,Pasta,82,0
2025-04-18,Salad,56,0
2025-04-18,Sandwich,87,0
2025-04-18,Rice Bowl,116,0
2025-04-18,Noodles,76,0
2025-04-18,Soup,38,0
2025-04-19,Pizza,140,0
2025-04-19,Burger,185,0
2025-04-19,Pasta,96,0
2025-04-19,Salad,89,0
2025-04-19,Sandwich,154,0
2025-04-19,Rice Bowl,120,0
2025-04-19,Noodles,110,0
2025-04-19,Soup,69,0
2025-04-20,Pizza,114,0
2025-04-20,Burger,183,0
2025-04-20,Pasta,123,0
2025-04-20,Salad,93,0
2025-04-20,Sandwich,126,0
2025-04-20,Rice Bowl,157,0
2025-04-20,Noodles,113,0
2025-04-20,Soup,58,0
2025-04-21,Pizza,59,0
2025-04-21,Burger,73,0
2025-04-21,Pasta,67,0
2025-04-21,Salad,44,0
2025-04-21,Sandwich,72,0
2025-04-21,Rice Bowl,79,0
2025-04-21,Noodles,60,0
2025-04-21,Soup,37,0
2025-04-22,Pizza,71,0
2025-04-22,Burger,107,0
2025-04-22,Pasta,75,0
2025-04-22,Salad,47,0
2025-04-22,Sandwich,80,0
2025-04-22,Rice Bowl,76,0
2025-04-22,Noodles,79,0
2025-04-22,Soup,35,0
2025-04-23,Pizza,70,0
2025-04-23,Burger,83,0
2025-04-23,Pasta,69,0
2025-04-23,Salad,49,0
2025-04-23,Sandwich,102,0
2025-04-23,Rice Bowl,75,0
2025-04-23,Noodles,71,0
2025-04-23,Soup,44,0
2025-04-24,Pizza,94,0
2025-04-24,Burger,100,0
2025-04-24,Pasta,72,0
2025-04-24,Salad,48,0
2025-04-24,Sandwich,110,0
2025-04-24,Rice Bowl,75,0
2025-04-24,Noodles,92,0
2025-04-24,Soup,45,0
2025-04-25,Pizza,93,0
2025-04-25,Burger,93,0
2025-04-25,Pasta,79,0
2025-04-25,Salad,55,0
2025-04-25,Sandwich,89,0
2025-04-25,Rice Bowl,103,0
2025-04-25,Noodles,102,0
2025-04-25,Soup,47,0
2025-04-26,Pizza,146,0
2025-04-26,Burger,139,0
2025-04-26,Pasta,114,0
2025-04-26,Salad,71,0
2025-04-26,Sandwich,158,0
2025-04-26,Rice Bowl,168,0
2025-04-26,Noodles,134,0
2025-04-26,Soup,56,0
2025-04-27,Pizza,117,0
2025-04-27,Burger,159,0
2025-04-27,Pasta,104,0
2025-04-27,Salad,88,0
2025-04-27,Sandwich,158,0
2025-04-27,Rice Bowl,138,0
2025-04-27,Noodles,111,0
2025-04-27,Soup,56,0
2025-04-28,Pizza,60,0
2025-04-28,Burger,84,0
2025-04-28,Pasta,60,0
2025-04-28,Salad,48,0
2025-04-28,Sandwich,86,0
2025-04-28,Rice Bowl,63,0
2025-04-28,Noodles,64,0
2025-04-28,Soup,31,0
2025-04-29,Pizza,65,0
2025-04-29,Burger,107,0
2025-04-29,Pasta,54,0
2025-04-29,Salad,45,0
2025-04-29,Sandwich,74,0
2025-04-29,Rice Bowl,93,0
2025-04-29,Noodles,72,0
2025-04-29,Soup,33,0
2025-04-30,Pizza,80,0
2025-04-30,Burger,109,0
2025-04-30,Pasta,82,0
2025-04-30,Salad,44,0
2025-04-30,Sandwich,103,0
2025-04-30,Rice Bowl,99,0
2025-04-30,Noodles,87,0
2025-04-30,Soup,42,0
2025-05-01,Pizza,88,0
2025-05-01,Burger,100,0
2025-05-01,Pasta,80,0
2025-05-01,Salad,53,0
2025-05-01,Sandwich,101,0
2025-05-01,Rice Bowl,86,0
2025-05-01,Noodles,86,0
2025-05-01,Soup,47,0
2025-05-02,Pizza,78,0
2025-05-02,Burger,130,0
2025-05-02,Pasta,81,0
2025-05-02,Salad,65,0
2025-05-02,Sandwich,100,0
2025-05-02,Rice Bowl,93,0
2025-05-02,Noodles,100,0
2025-05-02,Soup,41,0
2025-05-03,Pizza,153,0
2025-05-03,Burger,167,0
2025-05-03,Pasta,118,0
2025-05-03,Salad,78,0
2025-05-03,Sandwich,156,0
2025-05-03,Rice Bowl,133,0
2025-05-03,Noodles,103,0
2025-05-03,Soup,61,0
2025-05-04,Pizza,100,0
2025-05-04,Burger,185,0
2025-05-04,Pasta,129,0
2025-05-04,Salad,74,0
2025-05-04,Sandwich,153,0
2025-05-04,Rice Bowl,124,0
2025-05-04,Noodles,125,0
2025-05-04,Soup,70,0
2025-05-05,Pizza,84,0
2025-05-05,Burger,86,0
2025-05-05,Pasta,70,0
2025-05-05,Salad,40,0
2025-05-05,Sandwich,96,0
2025-05-05,Rice Bowl,61,0
2025-05-05,Noodles,70,0
2025-05-05,Soup,38,0
2025-05-06,Pizza,81,0
2025-05-06,Burger,80,0
2025-05-06,Pasta,78,0
2025-05-06,Salad,41,0
2025-05-06,Sandwich,89,0
2025-05-06,Rice Bowl,71,0
2025-05-06,Noodles,65,0
2025-05-06,Soup,38,0
2025-05-07,Pizza,77,0
2025-05-07,Burger,86,0
2025-05-07,Pasta,60,0
2025-05-07,Salad,48,0
2025-05-07,Sandwich,99,0
2025-05-07,Rice Bowl,98,0
2025-05-07,Noodles,62,0
2025-05-07,Soup,38,0
2025-05-08,Pizza,70,0
2025-05-08,Burger,84,0
2025-05-08,Pasta,78,0
2025-05-08,Salad,54,0
2025-05-08,Sandwich,81,0
2025-05-08,Rice Bowl,79,0
2025-05-08,Noodles,63,0
2025-05-08,Soup,47,0
2025-05-09,Pizza,109,0
2025-05-09,Burger,98,0
2025-05-09,Pasta,71,0
2025-05-09,Salad,65,0
2025-05-09,Sandwich,121,0
2025-05-09,Rice Bowl,94,0
2025-05-09,Noodles,70,0
2025-05-09,Soup,37,0
2025-05-10,Pizza,139,0
2025-05-10,Burger,161,0
2025-05-10,Pasta,95,0
2025-05-10,Salad,87,0
2025-05-10,Sandwich,122,0
2025-05-10,Rice Bowl,160,0
2025-05-10,Noodles,116,0
2025-05-10,Soup,55,0
2025-05-11,Pizza,129,0
2025-05-11,Burger,149,0
2025-05-11,Pasta,129,0
2025-05-11,Salad,79,0
2025-05-11,Sandwich,127,0
2025-05-11,Rice Bowl,143,0
2025-05-11,Noodles,106,0
2025-05-11,Soup,72,0
2025-05-12,Pizza,68,0
2025-05-12,Burger,91,0
2025-05-12,Pasta,51,0
2025-05-12,Salad,43,0
2025-05-12,Sandwich,91,0
2025-05-12,Rice Bowl,85,0
2025-05-12,Noodles,60,0
2025-05-12,Soup,32,0
2025-05-13,Pizza,85,0
2025-05-13,Burger,111,0
2025-05-13,Pasta,55,0
2025-05-13,Salad,46,0
2025-05-13,Sandwich,79,0
2025-05-13,Rice Bowl,92,0
2025-05-13,Noodles,59,0
2025-05-13,Soup,33,0
2025-05-14,Pizza,88,0
2025-05-14,Burger,82,0
2025-05-14,Pasta,69,0
2025-05-14,Salad,48,0
2025-05-14,Sandwich,84,0
2025-05-14,Rice Bowl,81,0
2025-05-14,Noodles,75,0
2025-05-14,Soup,34,0
2025-05-15,Pizza,86,0
2025-05-15,Burger,117,0
2025-05-15,Pasta,81,0
2025-05-15,Salad,45,0
2025-05-15,Sandwich,81,0
2025-05-15,Rice Bowl,80,0
2025-05-15,Noodles,74,0
2025-05-15,Soup,40,0
2025-05-16,Pizza,98,0
2025-05-16,Burger,94,0
2025-05-16,Pasta,65,0
2025-05-16,Salad,55,0
2025-05-16,Sandwich,111,0
2025-05-16,Rice Bowl,85,0
2025-05-16,Noodles,91,0
2025-05-16,Soup,41,0
2025-05-17,Pizza,156,0
2025-05-17,Burger,195,0
2025-05-17,Pasta,108,0
2025-05-17,Salad,75,0
2025-05-17,Sandwich,146,0
2025-05-17,Rice Bowl,128,0
2025-05-17,Noodles,135,0
2025-05-17,Soup,76,0
2025-05-18,Pizza,133,0
2025-05-18,Burger,176,0
2025-05-18,Pasta,104,0
2025-05-18,Salad,67,0
2025-05-18,Sandwich,153,0
2025-05-18,Rice Bowl,125,0
2025-05-18,Noodles,125,0
2025-05-18,Soup,56,0
2025-05-19,Pizza,59,0
2025-05-19,Burger,107,0
2025-05-19,Pasta,54,0
2025-05-19,Salad,53,0
2025-05-19,Sandwich,96,0
2025-05-19,Rice Bowl,85,0
2025-05-19,Noodles,71,0
2025-05-19,Soup,37,0
2025-05-20,Pizza,87,0
2025-05-20,Burger,86,0
2025-05-20,Pasta,65,0
2025-05-20,Salad,49,0
2025-05-20,Sandwich,82,0
2025-05-20,Rice Bowl,78,0
2025-05-20,Noodles,66,0
2025-05-20,Soup,38,0
2025-05-21,Pizza,91,0
2025-05-21,Burger,88,0
2025-05-21,Pasta,82,0
2025-05-21,Salad,53,0
2025-05-21,Sandwich,101,0
2025-05-21,Rice Bowl,86,0
2025-05-21,Noodles,83,0
2025-05-21,Soup,32,0
2025-05-22,Pizza,94,0
2025-05-22,Burger,85,0
2025-05-22,Pasta,84,0
2025-05-22,Salad,62,0
2025-05-22,Sandwich,86,0
2025-05-22,Rice Bowl,78,0
2025-05-22,Noodles,87,0
2025-05-22,Soup,37,0
2025-05-23,Pizza,105,0
2025-05-23,Burger,96,0
2025-05-23,Pasta,68,0
2025-05-23,Salad,68,0
2025-05-23,Sandwich,110,0
2025-05-23,Rice Bowl,111,0
2025-05-23,Noodles,80,0
2025-05-23,Soup,49,0
2025-05-24,Pizza,140,0
2025-05-24,Burger,175,0
2025-05-24,Pasta,126,0
2025-05-24,Salad,87,0
2025-05-24,Sandwich,147,0
2025-05-24,Rice Bowl,130,0
2025-05-24,Noodles,140,0
2025-05-24,Soup,60,0
2025-05-25,Pizza,134,0
2025-05-25,Burger,139,0
2025-05-25,Pasta,114,0
2025-05-25,Salad,85,0
2025-05-25,Sandwich,124,0
2025-05-25,Rice Bowl,109,0
2025-05-25,Noodles,99,0
2025-05-25,Soup,65,0
2025-05-26,Pizza,82,0
2025-05-26,Burger,73,0
2025-05-26,Pasta,68,0
2025-05-26,Salad,42,0
2025-05-26,Sandwich,80,0
2025-05-26,Rice Bowl,89,0
2025-05-26,Noodles,62,0
2025-05-26,Soup,35,0
2025-05-27,Pizza,61,0
2025-05-27,Burger,79,0
2025-05-27,Pasta,60,0
2025-05-27,Salad,38,0
2025-05-27,Sandwich,89,0
2025-05-27,Rice Bowl,78,0
2025-05-27,Noodles,72,0
2025-05-27,Soup,33,0
2025-05-28,Pizza,73,0
2025-05-28,Burger,106,0
2025-05-28,Pasta,83,0
2025-05-28,Salad,41,0
2025-05-28,Sandwich,104,0
2025-05-28,Rice Bowl,87,0
2025-05-28,Noodles,76,0
2025-05-28,Soup,40,0
2025-05-29,Pizza,69,0
2025-05-29,Burger,87,0
2025-05-29,Pasta,76,0
2025-05-29,Salad,49,0
2025-05-29,Sandwich,110,0
2025-05-29,Rice Bowl,85,0
2025-05-29,Noodles,67,0
2025-05-29,Soup,45,0
2025-05-30,Pizza,84,0
2025-05-30,Burger,116,0
2025-05-30,Pasta,86,0
2025-05-30,Salad,66,0
2025-05-30,Sandwich,115,0
2025-05-30,Rice Bowl,104,0
2025-05-30,Noodles,92,0
2025-05-30,Soup,54,0
2025-05-31,Pizza,124,0
2025-05-31,Burger,135,0
2025-05-31,Pasta,107,0
2025-05-31,Salad,74,0
2025-05-31,Sandwich,161,0
2025-05-31,Rice Bowl,151,0
2025-05-31,Noodles,131,0
2025-05-31,Soup,54,0
2025-06-01,Pizza,136,0
2025-06-01,Burger,144,0
2025-06-01,Pasta,116,0
2025-06-01,Salad,79,0
2025-06-01,Sandwich,131,0
2025-06-01,Rice Bowl,113,0
2025-06-01,Noodles,98,0
2025-06-01,Soup,70,0
2025-06-02,Pizza,84,0
2025-06-02,Burger,95,0
2025-06-02,Pasta,53,0
2025-06-02,Salad,43,0
2025-06-02,Sandwich,88,0
2025-06-02,Rice Bowl,85,0
2025-06-02,Noodles,57,0
2025-06-02,Soup,28,0
2025-06-03,Pizza,82,0
2025-06-03,Burger,89,0
2025-06-03,Pasta,59,0
2025-06-03,Salad,38,0
2025-06-03,Sandwich,86,0
2025-06-03,Rice Bowl,92,0
2025-06-03,Noodles,84,0
2025-06-03,Soup,38,0
2025-06-04,Pizza,80,0
2025-06-04,Burger,83,0
2025-06-04,Pasta,71,0
2025-06-04,Salad,47,0
2025-06-04,Sandwich,93,0
2025-06-04,Rice Bowl,81,0
2025-06-04,Noodles,67,0
2025-06-04,Soup,33,0
2025-06-05,Pizza,77,0
2025-06-05,Burger,88,0
2025-06-05,Pasta,64,0
2025-06-05,Salad,62,0
2025-06-05,Sandwich,92,0
2025-06-05,Rice Bowl,90,0
2025-06-05,Noodles,90,0
2025-06-05,Soup,50,0
2025-06-06,Pizza,95,0
2025-06-06,Burger,129,0
2025-06-06,Pasta,74,0
2025-06-06,Salad,53,0
2025-06-06,Sandwich,99,0
2025-06-06,Rice Bowl,104,0
2025-06-06,Noodles,92,0
2025-06-06,Soup,42,0
2025-06-07,Pizza,115,0
2025-06-07,Burger,177,0
2025-06-07,Pasta,100,0
2025-06-07,Salad,87,0
2025-06-07,Sandwich,163,0
2025-06-07,Rice Bowl,155,0
2025-06-07,Noodles,139,0
2025-06-07,Soup,77,0
2025-06-08,Pizza,124,0
2025-06-08,Burger,170,0
2025-06-08,Pasta,114,0
2025-06-08,Salad,68,0
2025-06-08,Sandwich,113,0
2025-06-08,Rice Bowl,121,0
2025-06-08,Noodles,114,0
2025-06-08,Soup,65,0
2025-06-09,Pizza,82,0
2025-06-09,Burger,79,0
2025-06-09,Pasta,53,0
2025-06-09,Salad,53,0
2025-06-09,Sandwich,68,0
2025-06-09,Rice Bowl,75,0
2025-06-09,Noodles,69,0
2025-06-09,Soup,36,0
2025-06-10,Pizza,63,0
2025-06-10,Burger,78,0
2025-06-10,Pasta,56,0
2025-06-10,Salad,49,0
2025-06-10,Sandwich,87,0
2025-06-10,Rice Bowl,72,0
2025-06-10,Noodles,75,0
2025-06-10,Soup,42,0
2025-06-11,Pizza,65,0
2025-06-11,Burger,99,0
2025-06-11,Pasta,75,0
2025-06-11,Salad,45,0
2025-06-11,Sandwich,83,0
2025-06-11,Rice Bowl,88,0
2025-06-11,Noodles,86,0
2025-06-11,Soup,44,0
2025-06-12,Pizza,86,0
2025-06-12,Burger,114,0
2025-06-12,Pasta,69,0
2025-06-12,Salad,55,0
2025-06-12,Sandwich,93,0
2025-06-12,Rice Bowl,78,0
2025-06-12,Noodles,85,0
2025-06-12,Soup,42,0
2025-06-13,Pizza,86,0
2025-06-13,Burger,133,0
2025-06-13,Pasta,65,0
2025-06-13,Salad,53,0
2025-06-13,Sandwich,85,0
2025-06-13,Rice Bowl,108,0
2025-06-13,Noodles,93,0
2025-06-13,Soup,42,0
2025-06-14,Pizza,144,0
2025-06-14,Burger,161,0
2025-06-14,Pasta,130,0
2025-06-14,Salad,82,0
2025-06-14,Sandwich,146,0
2025-06-14,Rice Bowl,168,0
2025-06-14,Noodles,114,0
2025-06-14,Soup,57,0
2025-06-15,Pizza,129,0
2025-06-15,Burger,185,0
2025-06-15,Pasta,103,0
2025-06-15,Salad,64,0
2025-06-15,Sandwich,131,0
2025-06-15,Rice Bowl,132,0
2025-06-15,Noodles,101,0
2025-06-15,Soup,66,0
2025-06-16,Pizza,86,0
2025-06-16,Burger,88,0
2025-06-16,Pasta,59,0
2025-06-16,Salad,43,0
2025-06-16,Sandwich,68,0
2025-06-16,Rice Bowl,88,0
2025-06-16,Noodles,65,0
2025-06-16,Soup,34,0
2025-06-17,Pizza,80,0
2025-06-17,Burger,92,0
2025-06-17,Pasta,70,0
2025-06-17,Salad,39,0
2025-06-17,Sandwich,96,0
2025-06-17,Rice Bowl,94,0
2025-06-17,Noodles,75,0
2025-06-17,Soup,44,0
2025-06-18,Pizza,68,0
2025-06-18,Burger,99,0
2025-06-18,Pasta,72,0
2025-06-18,Salad,51,0
2025-06-18,Sandwich,86,0
2025-06-18,Rice Bowl,79,0
2025-06-18,Noodles,63,0
2025-06-18,Soup,38,0
2025-06-19,Pizza,72,0
2025-06-19,Burger,114,0
2025-06-19,Pasta,64,0
2025-06-19,Salad,43,0
2025-06-19,Sandwich,96,0
2025-06-19,Rice Bowl,92,0
2025-06-19,Noodles,90,0
2025-06-19,Soup,43,0
2025-06-20,Pizza,86,0
2025-06-20,Burger,128,0
2025-06-20,Pasta,81,0
2025-06-20,Salad,47,0
2025-06-20,Sandwich,106,0
2025-06-20,Rice Bowl,113,0
2025-06-20,Noodles,82,0
2025-06-20,Soup,42,0
2025-06-21,Pizza,115,0
2025-06-21,Burger,145,0
2025-06-21,Pasta,115,0
2025-06-21,Salad,87,0
2025-06-21,Sandwich,126,0
2025-06-21,Rice Bowl,168,0
2025-06-21,Noodles,139,0
2025-06-21,Soup,69,0
2025-06-22,Pizza,141,0
2025-06-22,Burger,129,0
2025-06-22,Pasta,108,0
2025-06-22,Salad,82,0
2025-06-22,Sandwich,158,0
2025-06-22,Rice Bowl,147,0
2025-06-22,Noodles,106,0
2025-06-22,Soup,73,0
2025-06-23,Pizza,61,0
2025-06-23,Burger,103,0
2025-06-23,Pasta,74,0
2025-06-23,Salad,39,0
2025-06-23,Sandwich,88,0
2025-06-23,Rice Bowl,62,0
2025-06-23,Noodles,64,0
2025-06-23,Soup,36,0
2025-06-24,Pizza,78,0
2025-06-24,Burger,111,0
2025-06-24,Pasta,71,0
2025-06-24,Salad,47,0
2025-06-24,Sandwich,96,0
2025-06-24,Rice Bowl,95,0
2025-06-24,Noodles,57,0
2025-06-24,Soup,45,0
2025-06-25,Pizza,66,0
2025-06-25,Burger,112,0
2025-06-25,Pasta,63,0
2025-06-25,Salad,42,0
2025-06-25,Sandwich,87,0
2025-06-25,Rice Bowl,89,0
2025-06-25,Noodles,71,0
2025-06-25,Soup,32,0
2025-06-26,Pizza,87,0
2025-06-26,Burger,121,0
2025-06-26,Pasta,70,0
2025-06-26,Salad,46,0
2025-06-26,Sandwich,92,0
2025-06-26,Rice Bowl,73,0
2025-06-26,Noodles,88,0
2025-06-26,Soup,47,0
2025-06-27,Pizza,95,0
2025-06-27,Burger,108,0
2025-06-27,Pasta,90,0
2025-06-27,Salad,58,0
2025-06-27,Sandwich,116,0
2025-06-27,Rice Bowl,102,0
2025-06-27,Noodles,96,0
2025-06-27,Soup,47,0
2025-06-28,Pizza,130,0
2025-06-28,Burger,199,0
2025-06-28,Pasta,120,0
2025-06-28,Salad,88,0
2025-06-28,Sandwich,135,0
2025-06-28,Rice Bowl,150,0
2025-06-28,Noodles,130,0
2025-06-28,Soup,59,0
2025-06-29,Pizza,102,0
2025-06-29,Burger,162,0
2025-06-29,Pasta,120,0
2025-06-29,Salad,78,0
2025-06-29,Sandwich,125,0
2025-06-29,Rice Bowl,141,0
2025-06-29,Noodles,97,0
2025-06-29,Soup,60,0
2025-06-30,Pizza,62,0
2025-06-30,Burger,78,0
2025-06-30,Pasta,55,0
2025-06-30,Salad,42,0
2025-06-30,Sandwich,66,0
2025-06-30,Rice Bowl,73,0
2025-06-30,Noodles,67,0
2025-06-30,Soup,35,0
2025-07-01,Pizza,108,1
2025-07-01,Burger,161,1
2025-07-01,Pasta,85,1
2025-07-01,Salad,71,1
2025-07-01,Sandwich,105,1
2025-07-01,Rice Bowl,100,1
2025-07-01,Noodles,110,1
2025-07-01,Soup,58,1
2025-07-02,Pizza,138,1
2025-07-02,Burger,153,1
2025-07-02,Pasta,124,1
2025-07-02,Salad,61,1
2025-07-02,Sandwich,113,1
2025-07-02,Rice Bowl,104,1
2025-07-02,Noodles,98,1
2025-07-02,Soup,60,1
2025-07-03,Pizza,133,1
2025-07-03,Burger,128,1
2025-07-03,Pasta,129,1
2025-07-03,Salad,89,1
2025-07-03,Sandwich,130,1
2025-07-03,Rice Bowl,111,1
2025-07-03,Noodles,102,1
2025-07-03,Soup,53,1
2025-07-04,Pizza,117,1
2025-07-04,Burger,173,1
2025-07-04,Pasta,108,1
2025-07-04,Salad,81,1
2025-07-04,Sandwich,185,1
2025-07-04,Rice Bowl,157,1
2025-07-04,Noodles,152,1
2025-07-04,Soup,59,1
2025-07-05,Pizza,193,1
2025-07-05,Burger,259,1
2025-07-05,Pasta,147,1
2025-07-05,Salad,101,1
2025-07-05,Sandwich,243,1
2025-07-05,Rice Bowl,227,1
2025-07-05,Noodles,183,1
2025-07-05,Soup,100,1
2025-07-06,Pizza,180,1
2025-07-06,Burger,189,1
2025-07-06,Pasta,153,1
2025-07-06,Salad,101,1
2025-07-06,Sandwich,176,1
2025-07-06,Rice Bowl,235,1
2025-07-06,Noodles,182,1
2025-07-06,Soup,102,1
2025-07-07,Pizza,100,1
2025-07-07,Burger,129,1
2025-07-07,Pasta,84,1
2025-07-07,Salad,56,1
2025-07-07,Sandwich,105,1
2025-07-07,Rice Bowl,128,1
2025-07-07,Noodles,108,1
2025-07-07,Soup,55,1
2025-07-08,Pizza,75,0
2025-07-08,Burger,111,0
2025-07-08,Pasta,55,0
2025-07-08,Salad,43,0
2025-07-08,Sandwich,80,0
2025-07-08,Rice Bowl,89,0
2025-07-08,Noodles,85,0
2025-07-08,Soup,34,0
2025-07-09,Pizza,91,0
2025-07-09,Burger,113,0
2025-07-09,Pasta,62,0
2025-07-09,Salad,47,0
2025-07-09,Sandwich,86,0
2025-07-09,Rice Bowl,101,0
2025-07-09,Noodles,65,0
2025-07-09,Soup,44,0
2025-07-10,Pizza,78,0
2025-07-10,Burger,114,0
2025-07-10,Pasta,71,0
2025-07-10,Salad,54,0
2025-07-10,Sandwich,107,0
2025-07-10,Rice Bowl,100,0
2025-07-10,Noodles,90,0
2025-07-10,Soup,34,0
2025-07-11,Pizza,99,0
2025-07-11,Burger,98,0
2025-07-11,Pasta,77,0
2025-07-11,Salad,58,0
2025-07-11,Sandwich,99,0
2025-07-11,Rice Bowl,98,0
2025-07-11,Noodles,103,0
2025-07-11,Soup,39,0
2025-07-12,Pizza,144,0
2025-07-12,Burger,161,0
2025-07-12,Pasta,100,0
2025-07-12,Salad,72,0
2025-07-12,Sandwich,179,0
2025-07-12,Rice Bowl,165,0
2025-07-12,Noodles,147,0
2025-07-12,Soup,80,0
2025-07-13,Pizza,110,0
2025-07-13,Burger,146,0
2025-07-13,Pasta,116,0
2025-07-13,Salad,77,0
2025-07-13,Sandwich,135,0
2025-07-13,Rice Bowl,125,0
2025-07-13,Noodles,121,0
2025-07-13,Soup,64,0
2025-07-14,Pizza,62,0
2025-07-14,Burger,88,0
2025-07-14,Pasta,64,0
2025-07-14,Salad,46,0
2025-07-14,Sandwich,71,0
2025-07-14,Rice Bowl,83,0
2025-07-14,Noodles,54,0
2025-07-14,Soup,33,0
2025-07-15,Pizza,84,0
2025-07-15,Burger,97,0
2025-07-15,Pasta,60,0
2025-07-15,Salad,51,0
2025-07-15,Sandwich,87,0
2025-07-15,Rice Bowl,90,0
2025-07-15,Noodles,77,0
2025-07-15,Soup,39,0
2025-07-16,Pizza,79,0
2025-07-16,Burger,85,0
2025-07-16,Pasta,63,0
2025-07-16,Salad,48,0
2025-07-16,Sandwich,93,0
2025-07-16,Rice Bowl,85,0
2025-07-16,Noodles,68,0
2025-07-16,Soup,32,0
2025-07-17,Pizza,83,0
2025-07-17,Burger,95,0
2025-07-17,Pasta,80,0
2025-07-17,Salad,42,0
2025-07-17,Sandwich,97,0
2025-07-17,Rice Bowl,105,0
2025-07-17,Noodles,68,0
2025-07-17,Soup,41,0
2025-07-18,Pizza,76,0
2025-07-18,Burger,120,0
2025-07-18,Pasta,82,0
2025-07-18,Salad,55,0
2025-07-18,Sandwich,104,0
2025-07-18,Rice Bowl,113,0
2025-07-18,Noodles,75,0
2025-07-18,Soup,37,0
2025-07-19,Pizza,154,0
2025-07-19,Burger,174,0
2025-07-19,Pasta,136,0
2025-07-19,Salad,87,0
2025-07-19,Sandwich,170,0
2025-07-19,Rice Bowl,139,0
2025-07-19,Noodles,139,0
2025-07-19,Soup,78,0
2025-07-20,Pizza,128,0
2025-07-20,Burger,136,0
2025-07-20,Pasta,99,0
2025-07-20,Salad,68,0
2025-07-20,Sandwich,126,0
2025-07-20,Rice Bowl,122,0
2025-07-20,Noodles,119,0
2025-07-20,Soup,64,0
2025-07-21,Pizza,69,0
2025-07-21,Burger,94,0
2025-07-21,Pasta,52,0
2025-07-21,Salad,37,0
2025-07-21,Sandwich,70,0
2025-07-21,Rice Bowl,77,0
2025-07-21,Noodles,59,0
2025-07-21,Soup,32,0
2025-07-22,Pizza,72,0
2025-07-22,Burger,106,0
2025-07-22,Pasta,53,0
2025-07-22,Salad,50,0
2025-07-22,Sandwich,91,0
2025-07-22,Rice Bowl,90,0
2025-07-22,Noodles,83,0
2025-07-22,Soup,30,0
2025-07-23,Pizza,68,0
2025-07-23,Burger,115,0
2025-07-23,Pasta,68,0
2025-07-23,Salad,51,0
2025-07-23,Sandwich,95,0
2025-07-23,Rice Bowl,91,0
2025-07-23,Noodles,87,0
2025-07-23,Soup,47,0
2025-07-24,Pizza,91,0
2025-07-24,Burger,96,0
2025-07-24,Pasta,84,0
2025-07-24,Salad,43,0
2025-07-24,Sandwich,84,0
2025-07-24,Rice Bowl,103,0
2025-07-24,Noodles,71,0
2025-07-24,Soup,37,0
2025-07-25,Pizza,78,0
2025-07-25,Burger,131,0
2025-07-25,Pasta,80,0
2025-07-25,Salad,61,0
2025-07-25,Sandwich,92,0
2025-07-25,Rice Bowl,107,0
2025-07-25,Noodles,95,0
2025-07-25,Soup,42,0
2025-07-26,Pizza,130,0
2025-07-26,Burger,149,0
2025-07-26,Pasta,140,0
2025-07-26,Salad,89,0
2025-07-26,Sandwich,178,0
2025-07-26,Rice Bowl,132,0
2025-07-26,Noodles,141,0
2025-07-26,Soup,74,0
2025-07-27,Pizza,134,0
2025-07-27,Burger,185,0
2025-07-27,Pasta,104,0
2025-07-27,Salad,66,0
2025-07-27,Sandwich,150,0
2025-07-27,Rice Bowl,144,0
2025-07-27,Noodles,120,0
2025-07-27,Soup,55,0
2025-07-28,Pizza,72,0
2025-07-28,Burger,83,0
2025-07-28,Pasta,61,0
2025-07-28,Salad,47,0
2025-07-28,Sandwich,88,0
2025-07-28,Rice Bowl,68,0
2025-07-28,Noodles,64,0
2025-07-28,Soup,32,0
2025-07-29,Pizza,66,0
2025-07-29,Burger,105,0
2025-07-29,Pasta,77,0
2025-07-29,Salad,45,0
2025-07-29,Sandwich,94,0
2025-07-29,Rice Bowl,93,0
2025-07-29,Noodles,81,0
2025-07-29,Soup,33,0
2025-07-30,Pizza,94,0
2025-07-30,Burger,95,0
2025-07-30,Pasta,65,0
2025-07-30,Salad,41,0
2025-07-30,Sandwich,89,0
2025-07-30,Rice Bowl,71,0
2025-07-30,Noodles,67,0
2025-07-30,Soup,37,0
2025-07-31,Pizza,94,0
2025-07-31,Burger,120,0
2025-07-31,Pasta,67,0
2025-07-31,Salad,60,0
2025-07-31,Sandwich,108,0
2025-07-31,Rice Bowl,98,0
2025-07-31,Noodles,67,0
2025-07-31,Soup,45,0
2025-08-01,Pizza,108,0
2025-08-01,Burger,123,0
2025-08-01,Pasta,75,0
2025-08-01,Salad,57,0
2025-08-01,Sandwich,109,0
2025-08-01,Rice Bowl,98,0
2025-08-01,Noodles,73,0
2025-08-01,Soup,42,0
2025-08-02,Pizza,151,0
2025-08-02,Burger,193,0
2025-08-02,Pasta,101,0
2025-08-02,Salad,99,0
2025-08-02,Sandwich,141,0
2025-08-02,Rice Bowl,152,0
2025-08-02,Noodles,139,0
2025-08-02,Soup,76,0
2025-08-03,Pizza,147,0
2025-08-03,Burger,144,0
2025-08-03,Pasta,124,0
2025-08-03,Salad,66,0
2025-08-03,Sandwich,151,0
2025-08-03,Rice Bowl,145,0
2025-08-03,Noodles,125,0
2025-08-03,Soup,56,0
2025-08-04,Pizza,82,0
2025-08-04,Burger,78,0
2025-08-04,Pasta,51,0
2025-08-04,Salad,48,0
2025-08-04,Sandwich,80,0
2025-08-04,Rice Bowl,87,0
2025-08-04,Noodles,64,0
2025-08-04,Soup,31,0
2025-08-05,Pizza,86,0
2025-08-05,Burger,96,0
2025-08-05,Pasta,58,0
2025-08-05,Salad,51,0
2025-08-05,Sandwich,85,0
2025-08-05,Rice Bowl,84,0
2025-08-05,Noodles,70,0
2025-08-05,Soup,42,0
2025-08-06,Pizza,90,0
2025-08-06,Burger,108,0
2025-08-06,Pasta,58,0
2025-08-06,Salad,56,0
2025-08-06,Sandwich,96,0
2025-08-06,Rice Bowl,91,0
2025-08-06,Noodles,70,0
2025-08-06,Soup,46,0
2025-08-07,Pizza,91,0
2025-08-07,Burger,88,0
2025-08-07,Pasta,70,0
2025-08-07,Salad,60,0
2025-08-07,Sandwich,77,0
2025-08-07,Rice Bowl,105,0
2025-08-07,Noodles,84,0
2025-08-07,Soup,44,0
2025-08-08,Pizza,83,0
2025-08-08,Burger,103,0
2025-08-08,Pasta,94,0
2025-08-08,Salad,52,0
2025-08-08,Sandwich,114,0
2025-08-08,Rice Bowl,93,0
2025-08-08,Noodles,73,0
2025-08-08,Soup,36,0
2025-08-09,Pizza,137,0
2025-08-09,Burger,201,0
2025-08-09,Pasta,112,0
2025-08-09,Salad,79,0
2025-08-09,Sandwich,142,0
2025-08-09,Rice Bowl,144,0
2025-08-09,Noodles,123,0
2025-08-09,Soup,77,0
2025-08-10,Pizza,125,0
2025-08-10,Burger,156,0
2025-08-10,Pasta,93,0
2025-08-10,Salad,93,0
2025-08-10,Sandwich,126,0
2025-08-10,Rice Bowl,109,0
2025-08-10,Noodles,124,0
2025-08-10,Soup,64,0
2025-08-11,Pizza,69,0
2025-08-11,Burger,87,0
2025-08-11,Pasta,70,0
2025-08-11,Salad,39,0
2025-08-11,Sandwich,91,0
2025-08-11,Rice Bowl,81,0
2025-08-11,Noodles,65,0
2025-08-11,Soup,35,0
2025-08-12,Pizza,68,0
2025-08-12,Burger,104,0
2025-08-12,Pasta,66,0
2025-08-12,Salad,44,0
2025-08-12,Sandwich,88,0
2025-08-12,Rice Bowl,96,0
2025-08-12,Noodles,69,0
2025-08-12,Soup,44,0
2025-08-13,Pizza,75,0
2025-08-13,Burger,82,0
2025-08-13,Pasta,61,0
2025-08-13,Salad,48,0
2025-08-13,Sandwich,79,0
2025-08-13,Rice Bowl,68,0
2025-08-13,Noodles,87,0
2025-08-13,Soup,45,0
2025-08-14,Pizza,92,0
2025-08-14,Burger,91,0
2025-08-14,Pasta,62,0
2025-08-14,Salad,43,0
2025-08-14,Sandwich,102,0
2025-08-14,Rice Bowl,104,0
2025-08-14,Noodles,76,0
2025-08-14,Soup,35,0
2025-08-15,Pizza,92,0
2025-08-15,Burger,108,0
2025-08-15,Pasta,76,0
2025-08-15,Salad,60,0
2025-08-15,Sandwich,112,0
2025-08-15,Rice Bowl,82,0
2025-08-15,Noodles,70,0
2025-08-15,Soup,55,0
2025-08-16,Pizza,120,0
2025-08-16,Burger,138,0
2025-08-16,Pasta,103,0
2025-08-16,Salad,68,0
2025-08-16,Sandwich,145,0
2025-08-16,Rice Bowl,161,0
2025-08-16,Noodles,118,0
2025-08-16,Soup,66,0
2025-08-17,Pizza,133,0
2025-08-17,Burger,156,0
2025-08-17,Pasta,124,0
2025-08-17,Salad,89,0
2025-08-17,Sandwich,112,0
2025-08-17,Rice Bowl,147,0
2025-08-17,Noodles,115,0
2025-08-17,Soup,74,0
2025-08-18,Pizza,71,0
2025-08-18,Burger,107,0
2025-08-18,Pasta,69,0
2025-08-18,Salad,40,0
2025-08-18,Sandwich,82,0
2025-08-18,Rice Bowl,91,0
2025-08-18,Noodles,77,0
2025-08-18,Soup,30,0
2025-08-19,Pizza,82,0
2025-08-19,Burger,89,0
2025-08-19,Pasta,53,0
2025-08-19,Salad,45,0
2025-08-19,Sandwich,76,0
2025-08-19,Rice Bowl,91,0
2025-08-19,Noodles,66,0
2025-08-19,Soup,42,0
2025-08-20,Pizza,64,0
2025-08-20,Burger,92,0
2025-08-20,Pasta,62,0
2025-08-20,Salad,44,0
2025-08-20,Sandwich,74,0
2025-08-20,Rice Bowl,74,0
2025-08-20,Noodles,76,0
2025-08-20,Soup,36,0
2025-08-21,Pizza,81,0
2025-08-21,Burger,99,0
2025-08-21,Pasta,84,0
2025-08-21,Salad,61,0
2025-08-21,Sandwich,94,0
2025-08-21,Rice Bowl,83,0
2025-08-21,Noodles,66,0
2025-08-21,Soup,49,0
2025-08-22,Pizza,75,0
2025-08-22,Burger,105,0
2025-08-22,Pasta,73,0
2025-08-22,Salad,53,0
2025-08-22,Sandwich,89,0
2025-08-22,Rice Bowl,108,0
2025-08-22,Noodles,73,0
2025-08-22,Soup,48,0
2025-08-23,Pizza,114,0
2025-08-23,Burger,139,0
2025-08-23,Pasta,137,0
2025-08-23,Salad,74,0
2025-08-23,Sandwich,171,0
2025-08-23,Rice Bowl,146,0
2025-08-23,Noodles,105,0
2025-08-23,Soup,79,0
2025-08-24,Pizza,112,0
2025-08-24,Burger,178,0
2025-08-24,Pasta,94,0
2025-08-24,Salad,89,0
2025-08-24,Sandwich,113,0
2025-08-24,Rice Bowl,133,0
2025-08-24,Noodles,129,0
2025-08-24,Soup,73,0
2025-08-25,Pizza,83,0
2025-08-25,Burger,101,0
2025-08-25,Pasta,72,0
2025-08-25,Salad,39,0
2025-08-25,Sandwich,74,0
2025-08-25,Rice Bowl,70,0
2025-08-25,Noodles,64,0
2025-08-25,Soup,34,0
2025-08-26,Pizza,77,0
2025-08-26,Burger,82,0
2025-08-26,Pasta,71,0
2025-08-26,Salad,41,0
2025-08-26,Sandwich,79,0
2025-08-26,Rice Bowl,80,0
2025-08-26,Noodles,79,0
2025-08-26,Soup,41,0
2025-08-27,Pizza,84,0
2025-08-27,Burger,86,0
2025-08-27,Pasta,71,0
2025-08-27,Salad,41,0
2025-08-27,Sandwich,85,0
2025-08-27,Rice Bowl,82,0
2025-08-27,Noodles,61,0
2025-08-27,Soup,36,0
2025-08-28,Pizza,99,0
2025-08-28,Burger,124,0
2025-08-28,Pasta,69,0
2025-08-28,Salad,42,0
2025-08-28,Sandwich,82,0
2025-08-28,Rice Bowl,85,0
2025-08-28,Noodles,92,0
2025-08-28,Soup,35,0
2025-08-29,Pizza,101,0
2025-08-29,Burger,96,0
2025-08-29,Pasta,95,0
2025-08-29,Salad,54,0
2025-08-29,Sandwich,114,0
2025-08-29,Rice Bowl,91,0
2025-08-29,Noodles,90,0
2025-08-29,Soup,40,0
2025-08-30,Pizza,116,0
2025-08-30,Burger,198,0
2025-08-30,Pasta,138,0
2025-08-30,Salad,97,0
2025-08-30,Sandwich,159,0
2025-08-30,Rice Bowl,161,0
2025-08-30,Noodles,104,0
2025-08-30,Soup,63,0
2025-08-31,Pizza,115,0
2025-08-31,Burger,164,0
2025-08-31,Pasta,102,0
2025-08-31,Salad,67,0
2025-08-31,Sandwich,145,0
2025-08-31,Rice Bowl,149,0
2025-08-31,Noodles,111,0
2025-08-31,Soup,53,0
2025-09-01,Pizza,63,0
2025-09-01,Burger,80,0
2025-09-01,Pasta,57,0
2025-09-01,Salad,47,0
2025-09-01,Sandwich,84,0
2025-09-01,Rice Bowl,82,0
2025-09-01,Noodles,63,0
2025-09-01,Soup,40,0
2025-09-02,Pizza,67,0
2025-09-02,Burger,93,0
2025-09-02,Pasta,74,0
2025-09-02,Salad,41,0
2025-09-02,Sandwich,72,0
2025-09-02,Rice Bowl,93,0
2025-09-02,Noodles,66,0
2025-09-02,Soup,40,0
2025-09-03,Pizza,64,0
2025-09-03,Burger,107,0
2025-09-03,Pasta,64,0
2025-09-03,Salad,41,0
2025-09-03,Sandwich,93,0
2025-09-03,Rice Bowl,76,0
2025-09-03,Noodles,71,0
2025-09-03,Soup,33,0
2025-09-04,Pizza,72,0
2025-09-04,Burger,96,0
2025-09-04,Pasta,61,0
2025-09-04,Salad,61,0
2025-09-04,Sandwich,75,0
2025-09-04,Rice Bowl,88,0
2025-09-04,Noodles,66,0
2025-09-04,Soup,38,0
2025-09-05,Pizza,107,0
2025-09-05,Burger,99,0
2025-09-05,Pasta,95,0
2025-09-05,Salad,50,0
2025-09-05,Sandwich,113,0
2025-09-05,Rice Bowl,99,0
2025-09-05,Noodles,99,0
2025-09-05,Soup,46,0
2025-09-06,Pizza,137,0
2025-09-06,Burger,148,0
2025-09-06,Pasta,102,0
2025-09-06,Salad,98,0
2025-09-06,Sandwich,141,0
2025-09-06,Rice Bowl,136,0
2025-09-06,Noodles,139,0
2025-09-06,Soup,63,0
2025-09-07,Pizza,147,0
2025-09-07,Burger,170,0
2025-09-07,Pasta,113,0
2025-09-07,Salad,89,0
2025-09-07,Sandwich,115,0
2025-09-07,Rice Bowl,119,0
2025-09-07,Noodles,115,0
2025-09-07,Soup,55,0
2025-09-08,Pizza,79,0
2025-09-08,Burger,105,0
2025-09-08,Pasta,61,0
2025-09-08,Salad,42,0
2025-09-08,Sandwich,95,0
2025-09-08,Rice Bowl,74,0
2025-09-08,Noodles,67,0
2025-09-08,Soup,33,0
2025-09-09,Pizza,88,0
2025-09-09,Burger,97,0
2025-09-09,Pasta,73,0
2025-09-09,Salad,53,0
2025-09-09,Sandwich,80,0
2025-09-09,Rice Bowl,78,0
2025-09-09,Noodles,81,0
2025-09-09,Soup,35,0
2025-09-10,Pizza,89,0
2025-09-10,Burger,117,0
2025-09-10,Pasta,73,0
2025-09-10,Salad,54,0
2025-09-10,Sandwich,100,0
2025-09-10,Rice Bowl,96,0
2025-09-10,Noodles,71,0
2025-09-10,Soup,32,0
2025-09-11,Pizza,80,0
2025-09-11,Burger,112,0
2025-09-11,Pasta,72,0
2025-09-11,Salad,57,0
2025-09-11,Sandwich,89,0
2025-09-11,Rice Bowl,94,0
2025-09-11,Noodles,68,0
2025-09-11,Soup,46,0
2025-09-12,Pizza,93,0
2025-09-12,Burger,101,0
2025-09-12,Pasta,73,0
2025-09-12,Salad,63,0
2025-09-12,Sandwich,102,0
2025-09-12,Rice Bowl,86,0
2025-09-12,Noodles,102,0
2025-09-12,Soup,49,0
2025-09-13,Pizza,159,0
2025-09-13,Burger,164,0
2025-09-13,Pasta,117,0
2025-09-13,Salad,97,0
2025-09-13,Sandwich,153,0
2025-09-13,Rice Bowl,155,0
2025-09-13,Noodles,114,0
2025-09-13,Soup,66,0
2025-09-14,Pizza,106,0
2025-09-14,Burger,137,0
2025-09-14,Pasta,87,0
2025-09-14,Salad,63,0
2025-09-14,Sandwich,167,0
2025-09-14,Rice Bowl,118,0
2025-09-14,Noodles,124,0
2025-09-14,Soup,70,0
2025-09-15,Pizza,73,0
2025-09-15,Burger,77,0
2025-09-15,Pasta,68,0
2025-09-15,Salad,46,0
2025-09-15,Sandwich,88,0
2025-09-15,Rice Bowl,84,0
2025-09-15,Noodles,80,0
2025-09-15,Soup,37,0
2025-09-16,Pizza,71,0
2025-09-16,Burger,100,0
2025-09-16,Pasta,55,0
2025-09-16,Salad,55,0
2025-09-16,Sandwich,72,0
2025-09-16,Rice Bowl,75,0
2025-09-16,Noodles,80,0
2025-09-16,Soup,39,0
2025-09-17,Pizza,76,0
2025-09-17,Burger,98,0
2025-09-17,Pasta,79,0
2025-09-17,Salad,46,0
2025-09-17,Sandwich,103,0
2025-09-17,Rice Bowl,70,0
2025-09-17,Noodles,83,0
2025-09-17,Soup,45,0
2025-09-18,Pizza,73,0
2025-09-18,Burger,102,0
2025-09-18,Pasta,63,0
2025-09-18,Salad,56,0
2025-09-18,Sandwich,95,0
2025-09-18,Rice Bowl,94,0
2025-09-18,Noodles,69,0
2025-09-18,Soup,37,0
2025-09-19,Pizza,75,0
2025-09-19,Burger,106,0
2025-09-19,Pasta,82,0
2025-09-19,Salad,65,0
2025-09-19,Sandwich,110,0
2025-09-19,Rice Bowl,95,0
2025-09-19,Noodles,101,0
2025-09-19,Soup,50,0
2025-09-20,Pizza,158,0
2025-09-20,Burger,170,0
2025-09-20,Pasta,106,0
2025-09-20,Salad,69,0
2025-09-20,Sandwich,165,0
2025-09-20,Rice Bowl,121,0
2025-09-20,Noodles,116,0
2025-09-20,Soup,68,0
2025-09-21,Pizza,128,0
2025-09-21,Burger,162,0
2025-09-21,Pasta,94,0
2025-09-21,Salad,74,0
2025-09-21,Sandwich,146,0
2025-09-21,Rice Bowl,157,0
2025-09-21,Noodles,127,0
2025-09-21,Soup,72,0
2025-09-22,Pizza,79,0
2025-09-22,Burger,93,0
2025-09-22,Pasta,55,0
2025-09-22,Salad,48,0
2025-09-22,Sandwich,84,0
2025-09-22,Rice Bowl,79,0
2025-09-22,Noodles,67,0
2025-09-22,Soup,36,0
2025-09-23,Pizza,70,0
2025-09-23,Burger,95,0
2025-09-23,Pasta,58,0
2025-09-23,Salad,53,0
2025-09-23,Sandwich,74,0
2025-09-23,Rice Bowl,67,0
2025-09-23,Noodles,69,0
2025-09-23,Soup,40,0
2025-09-24,Pizza,78,0
2025-09-24,Burger,91,0
2025-09-24,Pasta,71,0
2025-09-24,Salad,46,0
2025-09-24,Sandwich,105,0
2025-09-24,Rice Bowl,99,0
2025-09-24,Noodles,75,0
2025-09-24,Soup,37,0
2025-09-25,Pizza,91,0
2025-09-25,Burger,85,0
2025-09-25,Pasta,72,0
2025-09-25,Salad,49,0
2025-09-25,Sandwich,110,0
2025-09-25,Rice Bowl,71,0
2025-09-25,Noodles,80,0
2025-09-25,Soup,46,0
2025-09-26,Pizza,91,0
2025-09-26,Burger,95,0
2025-09-26,Pasta,95,0
2025-09-26,Salad,57,0
2025-09-26,Sandwich,108,0
2025-09-26,Rice Bowl,87,0
2025-09-26,Noodles,85,0
2025-09-26,Soup,44,0
2025-09-27,Pizza,112,0
2025-09-27,Burger,142,0
2025-09-27,Pasta,134,0
2025-09-27,Salad,75,0
2025-09-27,Sandwich,133,0
2025-09-27,Rice Bowl,143,0
2025-09-27,Noodles,140,0
2025-09-27,Soup,55,0
2025-09-28,Pizza,128,0
2025-09-28,Burger,132,0
2025-09-28,Pasta,88,0
2025-09-28,Salad,64,0
2025-09-28,Sandwich,159,0
2025-09-28,Rice Bowl,112,0
2025-09-28,Noodles,95,0
2025-09-28,Soup,60,0
2025-09-29,Pizza,81,0
2025-09-29,Burger,81,0
2025-09-29,Pasta,61,0
2025-09-29,Salad,36,0
2025-09-29,Sandwich,79,0
2025-09-29,Rice Bowl,78,0
2025-09-29,Noodles,69,0
2025-09-29,Soup,33,0
2025-09-30,Pizza,70,0
2025-09-30,Burger,80,0
2025-09-30,Pasta,62,0
2025-09-30,Salad,39,0
2025-09-30,Sandwich,94,0
2025-09-30,Rice Bowl,95,0
2025-09-30,Noodles,84,0
2025-09-30,Soup,43,0
2025-10-01,Pizza,83,0
2025-10-01,Burger,108,0
2025-10-01,Pasta,63,0
2025-10-01,Salad,52,0
2025-10-01,Sandwich,88,0
2025-10-01,Rice Bowl,84,0
2025-10-01,Noodles,82,0
2025-10-01,Soup,36,0
2025-10-02,Pizza,77,0
2025-10-02,Burger,122,0
2025-10-02,Pasta,60,0
2025-10-02,Salad,52,0
2025-10-02,Sandwich,110,0
2025-10-02,Rice Bowl,93,0
2025-10-02,Noodles,80,0
2025-10-02,Soup,37,0
2025-10-03,Pizza,86,0
2025-10-03,Burger,131,0
2025-10-03,Pasta,82,0
2025-10-03,Salad,57,0
2025-10-03,Sandwich,86,0
2025-10-03,Rice Bowl,78,0
2025-10-03,Noodles,102,0
2025-10-03,Soup,43,0
2025-10-04,Pizza,140,0
2025-10-04,Burger,140,0
2025-10-04,Pasta,126,0
2025-10-04,Salad,99,0
2025-10-04,Sandwich,156,0
2025-10-04,Rice Bowl,122,0
2025-10-04,Noodles,130,0
2025-10-04,Soup,74,0
2025-10-05,Pizza,120,0
2025-10-05,Burger,179,0
2025-10-05,Pasta,115,0
2025-10-05,Salad,90,0
2025-10-05,Sandwich,147,0
2025-10-05,Rice Bowl,113,0
2025-10-05,Noodles,108,0
2025-10-05,Soup,54,0
2025-10-06,Pizza,83,0
2025-10-06,Burger,99,0
2025-10-06,Pasta,67,0
2025-10-06,Salad,41,0
2025-10-06,Sandwich,70,0
2025-10-06,Rice Bowl,84,0
2025-10-06,Noodles,66,0
2025-10-06,Soup,32,0
2025-10-07,Pizza,79,0
2025-10-07,Burger,77,0
2025-10-07,Pasta,61,0
2025-10-07,Salad,46,0
2025-10-07,Sandwich,73,0
2025-10-07,Rice Bowl,96,0
2025-10-07,Noodles,62,0
2025-10-07,Soup,32,0
2025-10-08,Pizza,70,0
2025-10-08,Burger,110,0
2025-10-08,Pasta,67,0
2025-10-08,Salad,51,0
2025-10-08,Sandwich,72,0
2025-10-08,Rice Bowl,69,0
2025-10-08,Noodles,73,0
2025-10-08,Soup,45,0
2025-10-09,Pizza,96,0
2025-10-09,Burger,87,0
2025-10-09,Pasta,74,0
2025-10-09,Salad,61,0
2025-10-09,Sandwich,90,0
2025-10-09,Rice Bowl,101,0
2025-10-09,Noodles,67,0
2025-10-09,Soup,49,0
2025-10-10,Pizza,101,0
2025-10-10,Burger,135,0
2025-10-10,Pasta,86,0
2025-10-10,Salad,54,0
2025-10-10,Sandwich,121,0
2025-10-10,Rice Bowl,88,0
2025-10-10,Noodles,80,0
2025-10-10,Soup,49,0
2025-10-11,Pizza,149,0
2025-10-11,Burger,198,0
2025-10-11,Pasta,104,0
2025-10-11,Salad,94,0
2025-10-11,Sandwich,166,0
2025-10-11,Rice Bowl,118,0
2025-10-11,Noodles,121,0
2025-10-11,Soup,61,0
2025-10-12,Pizza,115,0
2025-10-12,Burger,186,0
2025-10-12,Pasta,115,0
2025-10-12,Salad,84,0
2025-10-12,Sandwich,167,0
2025-10-12,Rice Bowl,126,0
2025-10-12,Noodles,131,0
2025-10-12,Soup,60,0
2025-10-13,Pizza,82,0
2025-10-13,Burger,78,0
2025-10-13,Pasta,74,0
2025-10-13,Salad,39,0
2025-10-13,Sandwich,75,0
2025-10-13,Rice Bowl,84,0
2025-10-13,Noodles,64,0
2025-10-13,Soup,37,0
2025-10-14,Pizza,74,0
2025-10-14,Burger,104,0
2025-10-14,Pasta,59,0
2025-10-14,Salad,39,0
2025-10-14,Sandwich,78,0
2025-10-14,Rice Bowl,79,0
2025-10-14,Noodles,61,0
2025-10-14,Soup,35,0
2025-10-15,Pizza,76,0
2025-10-15,Burger,82,0
2025-10-15,Pasta,72,0
2025-10-15,Salad,57,0
2025-10-15,Sandwich,77,0
2025-10-15,Rice Bowl,88,0
2025-10-15,Noodles,79,0
2025-10-15,Soup,38,0
2025-10-16,Pizza,90,0
2025-10-16,Burger,101,0
2025-10-16,Pasta,73,0
2025-10-16,Salad,42,0
2025-10-16,Sandwich,101,0
2025-10-16,Rice Bowl,95,0
2025-10-16,Noodles,64,0
2025-10-16,Soup,39,0
2025-10-17,Pizza,109,0
2025-10-17,Burger,111,0
2025-10-17,Pasta,80,0
2025-10-17,Salad,66,0
2025-10-17,Sandwich,112,0
2025-10-17,Rice Bowl,100,0
2025-10-17,Noodles,96,0
2025-10-17,Soup,52,0
2025-10-18,Pizza,132,0
2025-10-18,Burger,167,0
2025-10-18,Pasta,112,0
2025-10-18,Salad,100,0
2025-10-18,Sandwich,164,0
2025-10-18,Rice Bowl,119,0
2025-10-18,Noodles,145,0
2025-10-18,Soup,67,0
2025-10-19,Pizza,103,0
2025-10-19,Burger,159,0
2025-10-19,Pasta,105,0
2025-10-19,Salad,89,0
2025-10-19,Sandwich,123,0
2025-10-19,Rice Bowl,149,0
2025-10-19,Noodles,119,0
2025-10-19,Soup,51,0
2025-10-20,Pizza,85,0
2025-10-20,Burger,90,0
2025-10-20,Pasta,57,0
2025-10-20,Salad,44,0
2025-10-20,Sandwich,92,0
2025-10-20,Rice Bowl,70,0
2025-10-20,Noodles,59,0
2025-10-20,Soup,30,0
2025-10-21,Pizza,69,0
2025-10-21,Burger,105,0
2025-10-21,Pasta,65,0
2025-10-21,Salad,42,0
2025-10-21,Sandwich,74,0
2025-10-21,Rice Bowl,75,0
2025-10-21,Noodles,83,0
2025-10-21,Soup,35,0
2025-10-22,Pizza,95,0
2025-10-22,Burger,99,0
2025-10-22,Pasta,61,0
2025-10-22,Salad,57,0
2025-10-22,Sandwich,88,0
2025-10-22,Rice Bowl,92,0
2025-10-22,Noodles,89,0
2025-10-22,Soup,32,0
2025-10-23,Pizza,70,0
2025-10-23,Burger,114,0
2025-10-23,Pasta,67,0
2025-10-23,Salad,45,0
2025-10-23,Sandwich,77,0
2025-10-23,Rice Bowl,72,0
2025-10-23,Noodles,87,0
2025-10-23,Soup,35,0
2025-10-24,Pizza,90,0
2025-10-24,Burger,119,0
2025-10-24,Pasta,78,0
2025-10-24,Salad,46,0
2025-10-24,Sandwich,115,0
2025-10-24,Rice Bowl,78,0
2025-10-24,Noodles,95,0
2025-10-24,Soup,53,0
2025-10-25,Pizza,131,0
2025-10-25,Burger,171,0
2025-10-25,Pasta,117,0
2025-10-25,Salad,80,0
2025-10-25,Sandwich,175,0
2025-10-25,Rice Bowl,166,0
2025-10-25,Noodles,118,0
2025-10-25,Soup,70,0
2025-10-26,Pizza,146,0
2025-10-26,Burger,184,0
2025-10-26,Pasta,109,0
2025-10-26,Salad,76,0
2025-10-26,Sandwich,127,0
2025-10-26,Rice Bowl,156,0
2025-10-26,Noodles,100,0
2025-10-26,Soup,64,0
2025-10-27,Pizza,65,0
2025-10-27,Burger,82,0
2025-10-27,Pasta,60,0
2025-10-27,Salad,53,0
2025-10-27,Sandwich,66,0
2025-10-27,Rice Bowl,78,0
2025-10-27,Noodles,56,0
2025-10-27,Soup,31,0
2025-10-28,Pizza,74,0
2025-10-28,Burger,95,0
2025-10-28,Pasta,60,0
2025-10-28,Salad,44,0
2025-10-28,Sandwich,71,0
2025-10-28,Rice Bowl,74,0
2025-10-28,Noodles,84,0
2025-10-28,Soup,44,0
2025-10-29,Pizza,74,0
2025-10-29,Burger,102,0
2025-10-29,Pasta,81,0
2025-10-29,Salad,40,0
2025-10-29,Sandwich,101,0
2025-10-29,Rice Bowl,100,0
2025-10-29,Noodles,62,0
2025-10-29,Soup,34,0
2025-10-30,Pizza,99,0
2025-10-30,Burger,106,0
2025-10-30,Pasta,59,0
2025-10-30,Salad,47,0
2025-10-30,Sandwich,92,0
2025-10-30,Rice Bowl,96,0
2025-10-30,Noodles,86,0
2025-10-30,Soup,50,0
2025-10-31,Pizza,84,0
2025-10-31,Burger,116,0
2025-10-31,Pasta,81,0
2025-10-31,Salad,55,0
2025-10-31,Sandwich,89,0
2025-10-31,Rice Bowl,116,0
2025-10-31,Noodles,98,0
2025-10-31,Soup,45,0
2025-11-01,Pizza,140,0
2025-11-01,Burger,150,0
2025-11-01,Pasta,120,0
2025-11-01,Salad,91,0
2025-11-01,Sandwich,153,0
2025-11-01,Rice Bowl,171,0
2025-11-01,Noodles,132,0
2025-11-01,Soup,64,0
2025-11-02,Pizza,138,0
2025-11-02,Burger,135,0
2025-11-02,Pasta,104,0
2025-11-02,Salad,73,0
2025-11-02,Sandwich,136,0
2025-11-02,Rice Bowl,147,0
2025-11-02,Noodles,116,0
2025-11-02,Soup,69,0
2025-11-03,Pizza,74,0
2025-11-03,Burger,84,0
2025-11-03,Pasta,70,0
2025-11-03,Salad,40,0
2025-11-03,Sandwich,72,0
2025-11-03,Rice Bowl,76,0
2025-11-03,Noodles,61,0
2025-11-03,Soup,28,0
2025-11-04,Pizza,80,0
2025-11-04,Burger,95,0
2025-11-04,Pasta,65,0
2025-11-04,Salad,56,0
2025-11-04,Sandwich,87,0
2025-11-04,Rice Bowl,92,0
2025-11-04,Noodles,60,0
2025-11-04,Soup,39,0
2025-11-05,Pizza,91,0
2025-11-05,Burger,103,0
2025-11-05,Pasta,76,0
2025-11-05,Salad,47,0
2025-11-05,Sandwich,75,0
2025-11-05,Rice Bowl,83,0
2025-11-05,Noodles,71,0
2025-11-05,Soup,45,0
2025-11-06,Pizza,75,0
2025-11-06,Burger,124,0
2025-11-06,Pasta,86,0
2025-11-06,Salad,47,0
2025-11-06,Sandwich,88,0
2025-11-06,Rice Bowl,103,0
2025-11-06,Noodles,93,0
2025-11-06,Soup,41,0
2025-11-07,Pizza,85,0
2025-11-07,Burger,116,0
2025-11-07,Pasta,86,0
2025-11-07,Salad,52,0
2025-11-07,Sandwich,113,0
2025-11-07,Rice Bowl,80,0
2025-11-07,Noodles,70,0
2025-11-07,Soup,43,0
2025-11-08,Pizza,127,0
2025-11-08,Burger,156,0
2025-11-08,Pasta,117,0
2025-11-08,Salad,78,0
2025-11-08,Sandwich,133,0
2025-11-08,Rice Bowl,132,0
2025-11-08,Noodles,150,0
2025-11-08,Soup,65,0
2025-11-09,Pizza,122,0
2025-11-09,Burger,160,0
2025-11-09,Pasta,130,0
2025-11-09,Salad,69,0
2025-11-09,Sandwich,150,0
2025-11-09,Rice Bowl,144,0
2025-11-09,Noodles,122,0
2025-11-09,Soup,52,0
2025-11-10,Pizza,77,0
2025-11-10,Burger,74,0
2025-11-10,Pasta,65,0
2025-11-10,Salad,49,0
2025-11-10,Sandwich,71,0
2025-11-10,Rice Bowl,86,0
2025-11-10,Noodles,54,0
2025-11-10,Soup,40,0
2025-11-11,Pizza,74,0
2025-11-11,Burger,84,0
2025-11-11,Pasta,56,0
2025-11-11,Salad,56,0
2025-11-11,Sandwich,70,0
2025-11-11,Rice Bowl,71,0
2025-11-11,Noodles,66,0
2025-11-11,Soup,39,0
2025-11-12,Pizza,81,0
2025-11-12,Burger,85,0
2025-11-12,Pasta,64,0
2025-11-12,Salad,44,0
2025-11-12,Sandwich,79,0
2025-11-12,Rice Bowl,81,0
2025-11-12,Noodles,81,0
2025-11-12,Soup,35,0
2025-11-13,Pizza,79,0
2025-11-13,Burger,100,0
2025-11-13,Pasta,87,0
2025-11-13,Salad,62,0
2025-11-13,Sandwich,105,0
2025-11-13,Rice Bowl,80,0
2025-11-13,Noodles,65,0
2025-11-13,Soup,38,0
2025-11-14,Pizza,83,0
2025-11-14,Burger,115,0
2025-11-14,Pasta,89,0
2025-11-14,Salad,65,0
2025-11-14,Sandwich,117,0
2025-11-14,Rice Bowl,92,0
2025-11-14,Noodles,92,0
2025-11-14,Soup,42,0
2025-11-15,Pizza,111,0
2025-11-15,Burger,182,0
2025-11-15,Pasta,95,0
2025-11-15,Salad,81,0
2025-11-15,Sandwich,141,0
2025-11-15,Rice Bowl,154,0
2025-11-15,Noodles,140,0
2025-11-15,Soup,62,0
2025-11-16,Pizza,140,0
2025-11-16,Burger,143,0
2025-11-16,Pasta,106,0
2025-11-16,Salad,85,0
2025-11-16,Sandwich,151,0
2025-11-16,Rice Bowl,158,0
2025-11-16,Noodles,104,0
2025-11-16,Soup,66,0
2025-11-17,Pizza,75,0
2025-11-17,Burger,104,0
2025-11-17,Pasta,54,0
2025-11-17,Salad,49,0
2025-11-17,Sandwich,83,0
2025-11-17,Rice Bowl,69,0
2025-11-17,Noodles,66,0
2025-11-17,Soup,33,0
2025-11-18,Pizza,78,0
2025-11-18,Burger,109,0
2025-11-18,Pasta,68,0
2025-11-18,Salad,50,0
2025-11-18,Sandwich,86,0
2025-11-18,Rice Bowl,66,0
2025-11-18,Noodles,63,0
2025-11-18,Soup,37,0
2025-11-19,Pizza,73,0
2025-11-19,Burger,87,0
2025-11-19,Pasta,70,0
2025-11-19,Salad,46,0
2025-11-19,Sandwich,81,0
2025-11-19,Rice Bowl,83,0
2025-11-19,Noodles,63,0
2025-11-19,Soup,46,0
2025-11-20,Pizza,96,0
2025-11-20,Burger,113,0
2025-11-20,Pasta,61,0
2025-11-20,Salad,58,0
2025-11-20,Sandwich,106,0
2025-11-20,Rice Bowl,98,0
2025-11-20,Noodles,66,0
2025-11-20,Soup,44,0
2025-11-21,Pizza,104,0
2025-11-21,Burger,118,0
2025-11-21,Pasta,85,0
2025-11-21,Salad,56,0
2025-11-21,Sandwich,104,0
2025-11-21,Rice Bowl,79,0
2025-11-21,Noodles,91,0
2025-11-21,Soup,38,0
2025-11-22,Pizza,131,0
2025-11-22,Burger,154,0
2025-11-22,Pasta,120,0
2025-11-22,Salad,72,0
2025-11-22,Sandwich,163,0
2025-11-22,Rice Bowl,160,0
2025-11-22,Noodles,109,0
2025-11-22,Soup,56,0
2025-11-23,Pizza,107,0
2025-11-23,Burger,179,0
2025-11-23,Pasta,110,0
2025-11-23,Salad,76,0
2025-11-23,Sandwich,118,0
2025-11-23,Rice Bowl,140,0
2025-11-23,Noodles,134,0
2025-11-23,Soup,70,0
2025-11-24,Pizza,75,0
2025-11-24,Burger,74,0
2025-11-24,Pasta,53,0
2025-11-24,Salad,36,0
2025-11-24,Sandwich,73,0
2025-11-24,Rice Bowl,65,0
2025-11-24,Noodles,61,0
2025-11-24,Soup,34,0
2025-11-25,Pizza,89,0
2025-11-25,Burger,99,0
2025-11-25,Pasta,75,0
2025-11-25,Salad,51,0
2025-11-25,Sandwich,72,0
2025-11-25,Rice Bowl,88,0
2025-11-25,Noodles,64,0
2025-11-25,Soup,40,0
2025-11-26,Pizza,74,0
2025-11-26,Burger,119,0
2025-11-26,Pasta,63,0
2025-11-26,Salad,45,0
2025-11-26,Sandwich,105,0
2025-11-26,Rice Bowl,68,0
2025-11-26,Noodles,80,0
2025-11-26,Soup,43,0
2025-11-27,Pizza,95,0
2025-11-27,Burger,124,0
2025-11-27,Pasta,87,0
2025-11-27,Salad,43,0
2025-11-27,Sandwich,106,0
2025-11-27,Rice Bowl,94,0
2025-11-27,Noodles,83,0
2025-11-27,Soup,35,0
2025-11-28,Pizza,97,0
2025-11-28,Burger,137,0
2025-11-28,Pasta,93,0
2025-11-28,Salad,56,0
2025-11-28,Sandwich,84,0
2025-11-28,Rice Bowl,92,0
2025-11-28,Noodles,97,0
2025-11-28,Soup,49,0
2025-11-29,Pizza,133,0
2025-11-29,Burger,138,0
2025-11-29,Pasta,114,0
2025-11-29,Salad,83,0
2025-11-29,Sandwich,178,0
2025-11-29,Rice Bowl,151,0
2025-11-29,Noodles,117,0
2025-11-29,Soup,68,0
2025-11-30,Pizza,103,0
2025-11-30,Burger,185,0
2025-11-30,Pasta,103,0
2025-11-30,Salad,77,0
2025-11-30,Sandwich,132,0
2025-11-30,Rice Bowl,142,0
2025-11-30,Noodles,124,0
2025-11-30,Soup,67,0
2025-12-01,Pizza,65,0
2025-12-01,Burger,83,0
2025-12-01,Pasta,53,0
2025-12-01,Salad,47,0
2025-12-01,Sandwich,66,0
2025-12-01,Rice Bowl,79,0
2025-12-01,Noodles,77,0
2025-12-01,Soup,41,0
2025-12-02,Pizza,74,0
2025-12-02,Burger,93,0
2025-12-02,Pasta,55,0
2025-12-02,Salad,50,0
2025-12-02,Sandwich,96,0
2025-12-02,Rice Bowl,72,0
2025-12-02,Noodles,69,0
2025-12-02,Soup,43,0
2025-12-03,Pizza,92,0
2025-12-03,Burger,89,0
2025-12-03,Pasta,71,0
2025-12-03,Salad,43,0
2025-12-03,Sandwich,75,0
2025-12-03,Rice Bowl,98,0
2025-12-03,Noodles,84,0
2025-12-03,Soup,44,0
2025-12-04,Pizza,68,0
2025-12-04,Burger,119,0
2025-12-04,Pasta,71,0
2025-12-04,Salad,49,0
2025-12-04,Sandwich,96,0
2025-12-04,Rice Bowl,74,0
2025-12-04,Noodles,86,0
2025-12-04,Soup,43,0
2025-12-05,Pizza,80,0
2025-12-05,Burger,100,0
2025-12-05,Pasta,70,0
2025-12-05,Salad,47,0
2025-12-05,Sandwich,107,0
2025-12-05,Rice Bowl,111,0
2025-12-05,Noodles,69,0
2025-12-05,Soup,37,0
2025-12-06,Pizza,139,0
2025-12-06,Burger,190,0
2025-12-06,Pasta,110,0
2025-12-06,Salad,79,0
2025-12-06,Sandwich,157,0
2025-12-06,Rice Bowl,130,0
2025-12-06,Noodles,102,0
2025-12-06,Soup,73,0
2025-12-07,Pizza,131,0
2025-12-07,Burger,161,0
2025-12-07,Pasta,119,0
2025-12-07,Salad,83,0
2025-12-07,Sandwich,123,0
2025-12-07,Rice Bowl,124,0
2025-12-07,Noodles,99,0
2025-12-07,Soup,53,0
2025-12-08,Pizza,77,0
2025-12-08,Burger,102,0
2025-12-08,Pasta,74,0
2025-12-08,Salad,47,0
2025-12-08,Sandwich,70,0
2025-12-08,Rice Bowl,64,0
2025-12-08,Noodles,75,0
2025-12-08,Soup,37,0
2025-12-09,Pizza,79,0
2025-12-09,Burger,105,0
2025-12-09,Pasta,71,0
2025-12-09,Salad,53,0
2025-12-09,Sandwich,70,0
2025-12-09,Rice Bowl,88,0
2025-12-09,Noodles,81,0
2025-12-09,Soup,34,0
2025-12-10,Pizza,84,0
2025-12-10,Burger,92,0
2025-12-10,Pasta,82,0
2025-12-10,Salad,40,0
2025-12-10,Sandwich,92,0
2025-12-10,Rice Bowl,73,0
2025-12-10,Noodles,81,0
2025-12-10,Soup,34,0
2025-12-11,Pizza,75,0
2025-12-11,Burger,104,0
2025-12-11,Pasta,85,0
2025-12-11,Salad,46,0
2025-12-11,Sandwich,81,0
2025-12-11,Rice Bowl,98,0
2025-12-11,Noodles,78,0
2025-12-11,Soup,48,0
2025-12-12,Pizza,78,0
2025-12-12,Burger,121,0
2025-12-12,Pasta,71,0
2025-12-12,Salad,49,0
2025-12-12,Sandwich,111,0
2025-12-12,Rice Bowl,101,0
2025-12-12,Noodles,95,0
2025-12-12,Soup,42,0
2025-12-13,Pizza,132,0
2025-12-13,Burger,162,0
2025-12-13,Pasta,141,0
2025-12-13,Salad,77,0
2025-12-13,Sandwich,139,0
2025-12-13,Rice Bowl,135,0
2025-12-13,Noodles,130,0
2025-12-13,Soup,60,0
2025-12-14,Pizza,145,0
2025-12-14,Burger,141,0
2025-12-14,Pasta,126,0
2025-12-14,Salad,65,0
2025-12-14,Sandwich,149,0
2025-12-14,Rice Bowl,154,0
2025-12-14,Noodles,101,0
2025-12-14,Soup,74,0
2025-12-15,Pizza,70,0
2025-12-15,Burger,106,0
2025-12-15,Pasta,67,0
2025-12-15,Salad,41,0
2025-12-15,Sandwich,70,0
2025-12-15,Rice Bowl,70,0
2025-12-15,Noodles,56,0
2025-12-15,Soup,30,0
2025-12-16,Pizza,63,0
2025-12-16,Burger,92,0
2025-12-16,Pasta,74,0
2025-12-16,Salad,40,0
2025-12-16,Sandwich,72,0
2025-12-16,Rice Bowl,85,0
2025-12-16,Noodles,62,0
2025-12-16,Soup,31,0
2025-12-17,Pizza,69,0
2025-12-17,Burger,116,0
2025-12-17,Pasta,79,0
2025-12-17,Salad,47,0
2025-12-17,Sandwich,95,0
2025-12-17,Rice Bowl,86,0
2025-12-17,Noodles,80,0
2025-12-17,Soup,42,0
2025-12-18,Pizza,88,0
2025-12-18,Burger,95,0
2025-12-18,Pasta,59,0
2025-12-18,Salad,51,0
2025-12-18,Sandwich,109,0
2025-12-18,Rice Bowl,91,0
2025-12-18,Noodles,89,0
2025-12-18,Soup,50,0
2025-12-19,Pizza,79,0
2025-12-19,Burger,123,0
2025-12-19,Pasta,86,0
2025-12-19,Salad,68,0
2025-12-19,Sandwich,123,0
2025-12-19,Rice Bowl,105,0
2025-12-19,Noodles,77,0
2025-12-19,Soup,51,0
2025-12-20,Pizza,170,1
2025-12-20,Burger,281,1
2025-12-20,Pasta,206,1
2025-12-20,Salad,120,1
2025-12-20,Sandwich,240,1
2025-12-20,Rice Bowl,209,1
2025-12-20,Noodles,185,1
2025-12-20,Soup,93,1
2025-12-21,Pizza,206,1
2025-12-21,Burger,274,1
2025-12-21,Pasta,192,1
2025-12-21,Salad,101,1
2025-12-21,Sandwich,242,1
2025-12-21,Rice Bowl,217,1
2025-12-21,Noodles,158,1
2025-12-21,Soup,77,1
2025-12-22,Pizza,97,1
2025-12-22,Burger,157,1
2025-12-22,Pasta,99,1
2025-12-22,Salad,73,1
2025-12-22,Sandwich,109,1
2025-12-22,Rice Bowl,124,1
2025-12-22,Noodles,82,1
2025-12-22,Soup,51,1
2025-12-23,Pizza,119,1
2025-12-23,Burger,122,1
2025-12-23,Pasta,112,1
2025-12-23,Salad,63,1
2025-12-23,Sandwich,136,1
2025-12-23,Rice Bowl,116,1
2025-12-23,Noodles,110,1
2025-12-23,Soup,48,1
2025-12-24,Pizza,96,1
2025-12-24,Burger,174,1
2025-12-24,Pasta,95,1
2025-12-24,Salad,84,1
2025-12-24,Sandwich,161,1
2025-12-24,Rice Bowl,112,1
2025-12-24,Noodles,101,1
2025-12-24,Soup,63,1
2025-12-25,Pizza,149,1
2025-12-25,Burger,183,1
2025-12-25,Pasta,110,1
2025-12-25,Salad,88,1
2025-12-25,Sandwich,121,1
2025-12-25,Rice Bowl,159,1
2025-12-25,Noodles,140,1
2025-12-25,Soup,54,1
2025-12-26,Pizza,126,1
2025-12-26,Burger,144,1
2025-12-26,Pasta,109,1
2025-12-26,Salad,97,1
2025-12-26,Sandwich,147,1
2025-12-26,Rice Bowl,122,1
2025-12-26,Noodles,121,1
2025-12-26,Soup,82,1
2025-12-27,Pizza,213,1
2025-12-27,Burger,244,1
2025-12-27,Pasta,153,1
2025-12-27,Salad,151,1
2025-12-27,Sandwich,257,1
2025-12-27,Rice Bowl,196,1
2025-12-27,Noodles,157,1
2025-12-27,Soup,83,1
2025-12-28,Pizza,158,1
2025-12-28,Burger,241,1
2025-12-28,Pasta,191,1
2025-12-28,Salad,116,1
2025-12-28,Sandwich,239,1
2025-12-28,Rice Bowl,194,1
2025-12-28,Noodles,190,1
2025-12-28,Soup,102,1
2025-12-29,Pizza,93,1
2025-12-29,Burger,127,1
2025-12-29,Pasta,99,1
2025-12-29,Salad,55,1
2025-12-29,Sandwich,114,1
2025-12-29,Rice Bowl,116,1
2025-12-29,Noodles,121,1
2025-12-29,Soup,53,1
2025-12-30,Pizza,128,1
2025-12-30,Burger,138,1
2025-12-30,Pasta,111,1
2025-12-30,Salad,73,1
2025-12-30,Sandwich,148,1
2025-12-30,Rice Bowl,116,1
2025-12-30,Noodles,111,1
2025-12-30,Soup,59,1
2025-12-31,Pizza,116,1
2025-12-31,Burger,128,1
2025-12-31,Pasta,87,1
2025-12-31,Salad,60,1
2025-12-31,Sandwich,155,1
2025-12-31,Rice Bowl,114,1
2025-12-31,Noodles,99,1
2025-12-31,Soup,65,1
